Entry Time,Symbols,Exit Time,Direction,Entry Price,Exit Price,Quantity,P&L,Fees,MAE,MFE,Drawdown,IsWin,Order Ids
2017-04-05T14:30:00Z,"QQQ",2017-04-05T19:25:00Z,Buy,125.07882167,124.289443682,199,-157.09,2,-160.83,69.19,230.02,0,"	1,2" 
2017-04-18T14:00:00Z,"QQQ",2017-04-18T19:50:00Z,Buy,123.706807548,123.500065694,201,-41.56,2.01,-126.55,0,126.55,0,"	3,4" 
2017-04-20T15:50:00Z,"QQQ",2017-04-20T19:50:00Z,Buy,124.383417252,124.806298317,200,84.58,2,-1.88,95.85,33.83,1,"	5,6" 
2017-04-25T14:10:00Z,"QQQ",2017-04-25T19:50:00Z,Buy,126.723359145,127.071061354,197,68.5,2,-18.51,92.56,27.77,1,"	7,8" 
2017-05-01T14:35:00Z,"QQQ",2017-05-01T19:50:00Z,Buy,128.490062261,129.072698395,194,113.03,2,-7.29,114.85,34.64,1,"	9,10" 
2017-05-02T16:40:00Z,"QQQ",2017-05-02T19:50:00Z,Buy,129.166671965,128.978724825,193,-36.27,2,-43.53,3.63,47.16,0,"	11,12" 
2017-05-15T14:45:00Z,"QQQ",2017-05-15T19:50:00Z,Buy,130.632659657,130.585672872,191,-8.97,2,-52.05,14.36,66.41,0,"	13,14" 
2017-05-25T14:10:00Z,"QQQ",2017-05-25T19:50:00Z,Buy,131.929494923,132.634296698,189,133.21,2,0,163.4,53.28,1,"	15,16" 
2017-05-26T14:05:00Z,"QQQ",2017-05-26T19:50:00Z,Buy,132.681283483,132.606104627,188,-14.13,2,-38.87,14.13,53,0,"	17,18" 
2017-06-02T14:15:00Z,"QQQ",2017-06-02T19:50:00Z,Buy,134.00631082,134.66412581,186,122.35,2,-20.97,153.82,33.21,1,"	19,20" 
2017-06-05T14:45:00Z,"QQQ",2017-06-05T19:50:00Z,Buy,135.021225376,134.795688808,185,-41.72,2,-66.06,0,66.06,0,"	21,22" 
2017-06-09T14:20:00Z,"QQQ",2017-06-09T15:25:00Z,Buy,135.218569873,134.541960169,185,-125.17,2,-125.17,0,125.17,0,"	23,24" 
2017-06-20T14:50:00Z,"QQQ",2017-06-20T15:30:00Z,Buy,132.355275402,131.799319169,189,-105.08,2,-105.08,0,105.08,0,"	25,26" 
2017-06-22T16:50:00Z,"QQQ",2017-06-22T19:50:00Z,Buy,132.882962674,132.637965012,188,-46.06,2,-47.83,35.43,83.26,0,"	27,28" 
2017-07-10T15:00:00Z,"QQQ",2017-07-10T19:50:00Z,Buy,130.367025145,130.79105956,191,80.99,2,-18,109.79,34.2,1,"	29,30" 
2017-07-11T13:55:00Z,"QQQ",2017-07-11T15:20:00Z,Buy,130.630868781,130.659137742,191,5.4,2,-10.8,89.99,84.59,1,"	31,32" 
2017-07-18T14:15:00Z,"QQQ",2017-07-18T19:50:00Z,Buy,134.079682023,134.729868126,186,120.93,2,-45.57,141.97,70.11,1,"	33,34" 
2017-07-19T15:55:00Z,"QQQ",2017-07-19T19:50:00Z,Buy,135.643897865,135.643897865,184,0,2,-5.2,38.14,43.35,0,"	35,36" 
2017-07-21T16:10:00Z,"QQQ",2017-07-21T19:50:00Z,Buy,135.625051891,135.672166826,184,8.67,2,-26.01,27.74,53.75,1,"	37,38" 
2017-07-25T14:00:00Z,"QQQ",2017-07-25T19:50:00Z,Buy,136.115047215,136.030240332,183,-15.52,2,-56.91,44.83,65.53,0,"	39,40" 
2017-08-07T14:10:00Z,"QQQ",2017-08-07T19:50:00Z,Buy,135.756973709,136.124470202,184,67.62,2,-20.81,79.76,26.01,1,"	41,42" 
2017-08-08T14:40:00Z,"QQQ",2017-08-08T19:25:00Z,Buy,136.171585137,136.265815007,183,17.24,2,-6.9,160.37,143.13,1,"	43,44" 
2017-08-16T14:50:00Z,"QQQ",2017-08-16T18:25:00Z,Buy,136.190431111,135.577936956,183,-112.09,2,-112.09,68.98,181.06,0,"	45,46" 
2017-08-23T15:25:00Z,"QQQ",2017-08-23T19:50:00Z,Buy,134.626215269,134.616792282,185,-1.74,2,-76.7,22.66,90.65,0,"	47,48" 
2017-08-30T14:00:00Z,"QQQ",2017-08-30T19:50:00Z,Buy,135.380054229,136.181008124,184,147.38,2,-24.27,208.06,71.09,1,"	49,50" 
2017-08-31T14:20:00Z,"QQQ",2017-08-31T19:50:00Z,Buy,137.189267733,137.660417083,182,85.75,2,-37.73,102.9,49.73,1,"	51,52" 
2017-09-13T14:00:00Z,"QQQ",2017-09-13T19:50:00Z,Buy,137.754646953,137.688686044,182,-12,2,-58.31,15.43,65.17,0,"	53,54" 
2017-09-14T15:05:00Z,"QQQ",2017-09-14T19:50:00Z,Buy,137.660417083,137.132729811,182,-96.04,2,-102.9,32.58,135.48,0,"	55,56" 
2017-09-28T14:30:00Z,"QQQ",2017-09-28T19:50:00Z,Buy,136.36610384,136.158343848,183,-38.02,2,-58.76,19.01,77.77,0,"	57,58" 
2017-10-04T15:30:00Z,"QQQ",2017-10-04T19:50:00Z,Buy,137.914860144,137.858198328,181,-10.26,2,-68.37,41.02,109.4,0,"	59,60" 
2017-10-05T16:25:00Z,"QQQ",2017-10-05T19:50:00Z,Buy,138.91588556,139.24641282,180,59.49,2,-11.9,71.39,34,1,"	61,62" 
2017-10-11T14:15:00Z,"QQQ",2017-10-11T19:50:00Z,Buy,139.491947356,139.71859462,179,40.57,2,-21.98,52.4,37.19,1,"	63,64" 
2017-10-12T14:20:00Z,"QQQ",2017-10-12T19:50:00Z,Buy,139.81303098,139.501390992,179,-55.78,2,-55.78,47.33,103.12,0,"	65,66" 
2017-10-17T15:10:00Z,"QQQ",2017-10-17T19:50:00Z,Buy,140.596852768,140.691289128,178,16.81,2,-28.58,25.21,38.66,1,"	67,68" 
2017-10-30T13:55:00Z,"QQQ",2017-10-30T16:20:00Z,Buy,143.335507208,142.608347236,174,-126.53,2,-126.53,59.15,185.68,0,"	69,70" 
2017-11-06T15:25:00Z,"QQQ",2017-11-06T20:50:00Z,Buy,145.167572592,145.252565316,172,14.62,2,-61.72,19.49,73.09,1,"	71,72" 
2017-11-24T15:35:00Z,"QQQ",2017-11-24T17:50:00Z,Buy,147.349052508,147.537925228,169,31.92,2,-7.98,41.5,14.36,1,"	73,74" 
2017-12-11T16:25:00Z,"QQQ",2017-12-11T20:50:00Z,Buy,146.70688526,147.103517972,170,67.43,2,-8.03,93.11,44.95,1,"	75,76" 
2017-12-12T16:10:00Z,"QQQ",2017-12-12T20:50:00Z,Buy,147.311277964,147.018525248,170,-49.77,2,-89.9,24.08,113.98,0,"	77,78" 
2017-12-14T15:30:00Z,"QQQ",2017-12-14T18:15:00Z,Buy,147.7929034,147.377383416,169,-70.22,2,-70.22,19.15,89.37,0,"	79,80" 
2017-12-18T15:30:00Z,"QQQ",2017-12-18T20:50:00Z,Buy,150.05182896,150.08021919,166,4.71,2,-51.84,31.42,51.84,1,"	81,82" 
2018-01-03T14:55:00Z,"QQQ",2018-01-03T20:50:00Z,Buy,150.77104812,151.44295023,165,110.86,2,0,123.36,65.58,1,"	83,84" 
2018-01-05T15:40:00Z,"QQQ",2018-01-05T20:50:00Z,Buy,152.60694966,153.16529085,164,91.57,2,-6.21,94.67,29.49,1,"	85,86" 
2018-01-08T15:30:00Z,"QQQ",2018-01-08T20:50:00Z,Buy,153.63846135,153.80880273,163,27.77,2,-24.68,38.56,41.65,1,"	87,88" 
2018-01-12T15:10:00Z,"QQQ",2018-01-12T20:50:00Z,Buy,154.83085101,155.68255791,161,137.12,2,-6.09,149.31,59.42,1,"	89,90" 
2018-01-22T14:55:00Z,"QQQ",2018-01-22T20:50:00Z,Buy,157.62255696,158.93797095,159,209.15,2,-3.01,209.15,45.14,1,"	91,92" 
2018-01-23T15:20:00Z,"QQQ",2018-01-23T20:50:00Z,Buy,160.15875084,160.54675065,157,60.92,2,-34.17,62.4,84.69,1,"	93,94" 
2018-01-24T15:15:00Z,"QQQ",2018-01-24T16:15:00Z,Buy,160.9726041,159.88431195,156,-169.77,2,-169.77,19.19,188.97,0,"	95,96" 
2018-02-27T15:25:00Z,"QQQ",2018-02-27T15:45:00Z,Buy,161.51201847,160.87797,155,-98.28,2,-99.74,0,99.74,0,"	97,98" 
2018-03-06T15:00:00Z,"QQQ",2018-03-06T16:00:00Z,Buy,159.79914126,158.94743436,157,-133.72,2,-144.12,31.2,175.32,0,"	99,100" 
2018-03-07T15:35:00Z,"QQQ",2018-03-07T20:50:00Z,Buy,159.25026348,159.87484854,157,98.06,2,-190.18,115.89,231.78,1,"	101,102" 
2018-03-09T15:10:00Z,"QQQ",2018-03-09T18:50:00Z,Buy,162.17445717,163.22489568,154,161.77,2,-7.29,170.51,30.6,1,"	103,104" 
2018-03-12T16:05:00Z,"QQQ",2018-03-12T19:50:00Z,Buy,164.89991925,165.03240699,152,20.14,2,-90.62,30.21,120.83,1,"	105,106" 
2018-04-04T16:05:00Z,"QQQ",2018-04-04T19:50:00Z,Buy,148.939410194,151.42283955,168,417.22,2,-106.69,417.22,269.12,1,"	107,108" 
2018-04-06T13:55:00Z,"QQQ",2018-04-06T15:05:00Z,Buy,152.03895752,150.294869728,166,-289.52,2,-314.69,0,314.69,0,"	109,110" 
2018-04-11T14:25:00Z,"QQQ",2018-04-11T19:25:00Z,Buy,152.65507549,151.925212664,164,-119.7,2,-124.36,144.57,268.93,0,"	111,112" 
2018-04-17T14:05:00Z,"QQQ",2018-04-17T19:50:00Z,Buy,156.11481486,157.640891678,161,245.7,2,-7.63,260.96,54.94,1,"	113,114" 
2018-04-18T15:05:00Z,"QQQ",2018-04-18T19:50:00Z,Buy,157.8209877,157.792551486,159,-4.52,2,-34.66,70.83,75.36,0,"	115,116" 
2018-04-30T13:55:00Z,"QQQ",2018-04-30T15:40:00Z,Buy,154.607695518,153.489204434,162,-181.2,2,-181.2,55.28,236.48,0,"	117,118" 
2018-05-02T14:15:00Z,"QQQ",2018-05-02T15:45:00Z,Buy,154.69300416,153.669300456,162,-165.84,2,-165.84,7.68,173.52,0,"	119,120" 
2018-05-07T15:25:00Z,"QQQ",2018-05-07T19:50:00Z,Buy,158.001083722,157.479753132,158,-82.37,2,-167.74,13.48,181.21,0,"	121,122" 
2018-05-10T14:30:00Z,"QQQ",2018-05-10T19:50:00Z,Buy,160.04849113,160.683566576,156,99.07,2,-16.27,125.69,107.94,1,"	123,124" 
2018-05-11T14:45:00Z,"QQQ",2018-05-11T16:30:00Z,Buy,160.787832694,160.09588482,156,-107.94,2,-116.82,32.53,149.35,0,"	125,126" 
2018-05-29T13:55:00Z,"QQQ",2018-05-29T16:00:00Z,Buy,160.636172886,159.735692776,156,-140.47,2,-155.26,51.75,207.02,0,"	127,128" 
2018-06-04T16:15:00Z,"QQQ",2018-06-04T19:50:00Z,Buy,164.825775082,165.081701008,151,38.64,2,0,58.68,50.1,1,"	129,130" 
2018-06-05T14:00:00Z,"QQQ",2018-06-05T15:10:00Z,Buy,165.773648882,165.299711982,151,-71.56,2,-71.56,30.06,101.62,0,"	131,132" 
2018-07-06T14:00:00Z,"QQQ",2018-07-06T19:50:00Z,Buy,165.205547088,166.459407036,151,189.33,2,-27.25,258.18,68.85,1,"	133,134" 
2018-07-11T14:05:00Z,"QQQ",2018-07-11T19:50:00Z,Buy,167.931742581,167.827254252,149,-15.57,2,-110.4,32.55,142.95,0,"	135,136" 
2018-07-13T14:40:00Z,"QQQ",2018-07-13T19:50:00Z,Buy,170.752927464,170.60094444,146,-22.19,2,-67.96,16.64,84.6,0,"	137,138" 
2018-07-25T15:30:00Z,"QQQ",2018-07-25T19:50:00Z,Buy,171.902299083,173.498120835,145,231.39,2,-5.51,232.77,41.32,1,"	139,140" 
2018-08-08T14:45:00Z,"QQQ",2018-08-08T19:50:00Z,Buy,172.709708898,173.004176007,145,42.7,2,-20.66,68.87,89.53,1,"	141,142" 
2018-08-09T14:25:00Z,"QQQ",2018-08-09T19:50:00Z,Buy,173.241649482,172.719207837,145,-75.75,2,-75.75,30.3,106.06,0,"	143,144" 
2018-08-22T15:05:00Z,"QQQ",2018-08-22T19:50:00Z,Buy,171.902299083,172.082778924,146,26.35,2,-31.9,38.83,63.79,1,"	145,146" 
2018-08-23T13:55:00Z,"QQQ",2018-08-23T15:20:00Z,Buy,172.738205715,171.655326669,145,-157.02,2,-157.02,24.79,181.81,0,"	147,148" 
2018-08-27T14:05:00Z,"QQQ",2018-08-27T19:50:00Z,Buy,174.552503064,174.979955319,143,61.13,2,0,69.28,48.9,1,"	149,150" 
2018-08-29T14:25:00Z,"QQQ",2018-08-29T19:50:00Z,Buy,176.262312084,177.392685825,142,160.51,2,-4.05,168.61,37.77,1,"	151,152" 
2018-08-30T14:20:00Z,"QQQ",2018-08-30T18:20:00Z,Buy,177.402184764,177.278698557,141,-17.41,2,-28.13,97.77,115.18,0,"	153,154" 
2018-09-25T16:05:00Z,"QQQ",2018-09-25T19:50:00Z,Buy,175.2375083,175.25654034,143,2.72,2,-51.71,14.97,55.79,1,"	155,156" 
2018-09-27T14:05:00Z,"QQQ",2018-09-27T19:50:00Z,Buy,177.05506812,176.77910354,141,-38.91,2,-44.28,56.35,100.63,0,"	157,158" 
2018-09-28T14:55:00Z,"QQQ",2018-09-28T19:50:00Z,Buy,176.88377976,176.6649113,142,-31.08,2,-82.43,48.65,131.07,0,"	159,160" 
2018-10-02T14:00:00Z,"QQQ",2018-10-02T19:50:00Z,Buy,177.36909678,176.8552317,141,-72.45,2,-138.2,101.97,240.17,0,"	161,162" 
2018-11-01T15:15:00Z,"QQQ",2018-11-01T19:50:00Z,Buy,162.56216966,163.73264012,154,180.25,2,-11.72,194.91,93.79,1,"	163,164" 
2018-11-08T15:00:00Z,"QQQ",2018-11-08T18:30:00Z,Buy,166.64454224,165.65487616,150,-148.45,2,-148.45,21.41,169.86,0,"	165,166" 
2018-11-16T14:55:00Z,"QQQ",2018-11-16T20:50:00Z,Buy,159.2505947,159.70736366,157,71.71,2,-177.79,131.47,279.38,1,"	167,168" 
2018-11-27T15:10:00Z,"QQQ",2018-11-27T20:50:00Z,Buy,154.9208056,155.4917668,162,92.5,2,-43.16,158.78,201.95,1,"	169,170" 
2019-01-02T15:00:00Z,"QQQ",2019-01-02T20:50:00Z,Buy,145.30506772,147.18508206,173,325.24,2,-66.04,571.24,292.22,1,"	171,172" 
2019-01-07T15:35:00Z,"QQQ",2019-01-07T20:50:00Z,Buy,150.23891246,151.0691726,167,138.65,2,-46.22,221.53,200.81,1,"	173,174" 
2019-01-09T14:55:00Z,"QQQ",2019-01-09T15:45:00Z,Buy,153.35000218,152.37659374,164,-159.64,2,-159.64,0,159.64,0,"	175,176" 
2019-01-10T16:05:00Z,"QQQ",2019-01-10T20:50:00Z,Buy,153.09233524,153.86533606,164,126.77,2,-123.64,140.86,226.94,1,"	177,178" 
2019-01-11T15:10:00Z,"QQQ",2019-01-11T15:30:00Z,Buy,153.24502676,152.56745814,164,-111.12,2,-112.69,3.13,115.82,0,"	179,180" 
2019-01-18T15:50:00Z,"QQQ",2019-01-18T20:50:00Z,Buy,157.54901898,157.35815458,160,-30.54,2,-71.77,134.37,206.13,0,"	181,182" 
2019-01-31T14:55:00Z,"QQQ",2019-01-31T20:50:00Z,Buy,159.67715704,160.24020702,157,88.4,2,-8.99,242.72,208.26,1,"	183,184" 
2019-02-01T15:15:00Z,"QQQ",2019-02-01T19:20:00Z,Buy,160.64102226,159.45766298,157,-185.79,2,-185.79,34.46,220.25,0,"	185,186" 
2019-02-14T15:00:00Z,"QQQ",2019-02-14T20:50:00Z,Buy,162.92185184,163.54216114,154,95.53,2,-48.5,149.9,119.04,1,"	187,188" 
2019-02-19T15:05:00Z,"QQQ",2019-02-19T20:50:00Z,Buy,164.37242128,164.48693992,153,17.52,2,-26.28,80.31,62.78,1,"	189,190" 
2019-02-20T15:30:00Z,"QQQ",2019-02-20T17:25:00Z,Buy,164.99273058,164.3819645,152,-92.84,2,-95.74,23.21,118.95,0,"	191,192" 
2019-02-26T15:05:00Z,"QQQ",2019-02-26T20:50:00Z,Buy,165.85162038,165.88979326,151,5.76,2,-89.34,63.41,103.75,1,"	193,194" 
2019-03-05T16:35:00Z,"QQQ",2019-03-05T20:50:00Z,Buy,166.70096696,167.07315254,151,56.2,2,-30.26,56.2,66.29,1,"	195,196" 
2019-03-12T14:35:00Z,"QQQ",2019-03-12T19:50:00Z,Buy,167.6266593,167.70300506,150,11.45,2,-37.22,64.42,100.2,1,"	197,198" 
2019-03-18T14:00:00Z,"QQQ",2019-03-18T15:35:00Z,Buy,170.886146526,169.997010819,147,-130.7,2,-132.11,28.11,160.22,0,"	199,200" 
2019-03-19T15:50:00Z,"QQQ",2019-03-19T19:25:00Z,Buy,171.689236842,170.981752516,146,-103.29,2,-103.29,55.83,159.13,0,"	201,202" 
2019-03-20T14:50:00Z,"QQQ",2019-03-20T16:00:00Z,Buy,171.306812882,170.637570952,146,-97.71,2,-97.71,5.58,103.29,0,"	203,204" 
2019-03-21T14:10:00Z,"QQQ",2019-03-21T19:50:00Z,Buy,172.654857341,174.57653774,145,278.64,2,-19.41,306.37,69.31,1,"	205,206" 
2019-04-02T14:30:00Z,"QQQ",2019-04-02T19:50:00Z,Buy,174.461810552,174.815552715,144,50.94,2,-77.1,56.45,83.98,1,"	207,208" 
2019-04-03T14:25:00Z,"QQQ",2019-04-03T17:50:00Z,Buy,175.943703397,175.962824595,143,2.73,2,-8.2,120.31,117.58,1,"	209,210" 
2019-04-08T15:20:00Z,"QQQ",2019-04-08T19:50:00Z,Buy,176.383490951,177.024051084,142,90.96,2,-27.15,95.03,55.66,1,"	211,212" 
2019-04-09T14:25:00Z,"QQQ",2019-04-09T19:50:00Z,Buy,176.804157307,176.459975743,142,-48.87,2,-86.89,23.08,109.97,0,"	213,214" 
2019-04-16T14:05:00Z,"QQQ",2019-04-16T19:35:00Z,Buy,178.525065127,177.941868588,141,-82.23,2,-82.23,17.52,99.76,0,"	215,216" 
2019-04-22T14:00:00Z,"QQQ",2019-04-22T19:50:00Z,Buy,178.869246691,179.662776408,140,111.09,2,-6.69,111.09,41.49,1,"	217,218" 
2019-04-23T14:05:00Z,"QQQ",2019-04-23T19:50:00Z,Buy,181.068184461,181.699183995,139,87.71,2,-42.53,150.17,69.1,1,"	219,220" 
2019-04-29T14:50:00Z,"QQQ",2019-04-29T19:50:00Z,Buy,182.693486291,182.6074409,138,-11.87,2,-50.14,26.39,50.14,0,"	221,222" 
2019-05-06T14:00:00Z,"QQQ",2019-05-06T19:50:00Z,Buy,180.293775942,181.670502198,140,192.74,2,-52.2,212.82,133.85,1,"	223,224" 
2019-06-06T15:35:00Z,"QQQ",2019-06-06T19:50:00Z,Buy,169.098314513,169.920526027,149,122.51,2,-81.2,156.7,81.2,1,"	225,226" 
2019-06-07T14:00:00Z,"QQQ",2019-06-07T19:50:00Z,Buy,171.928251817,173.104205494,147,172.87,2,0,262.81,113.84,1,"	227,228" 
2019-06-10T14:10:00Z,"QQQ",2019-06-10T19:50:00Z,Buy,175.561279437,175.121491883,144,-63.33,2,-83.98,165.21,249.19,0,"	229,230" 
2019-06-18T14:40:00Z,"QQQ",2019-06-18T19:50:00Z,Buy,179.270791849,178.314731949,141,-134.8,2,-156.37,21.57,177.94,0,"	231,232" 
2019-06-21T14:05:00Z,"QQQ",2019-06-21T15:55:00Z,Buy,180.446745526,180.475427323,140,4.02,2,-20.08,132.51,128.49,1,"	233,234" 
2019-07-02T14:35:00Z,"QQQ",2019-07-02T16:35:00Z,Buy,181.5735182,180.8548895,139,-99.89,2,-99.89,4,103.88,0,"	235,236" 
2019-07-03T14:20:00Z,"QQQ",2019-07-03T16:50:00Z,Buy,182.799977848,183.259900216,138,63.47,2,-10.58,71.4,43.64,1,"	237,238" 
2019-07-05T16:40:00Z,"QQQ",2019-07-05T19:50:00Z,Buy,182.617925244,183.049102464,138,59.5,2,-18.51,104.46,50.25,1,"	239,240" 
2019-07-11T15:25:00Z,"QQQ",2019-07-11T17:30:00Z,Buy,185.11875312,184.476778148,136,-87.31,2,-87.31,16.94,104.25,0,"	241,242" 
2019-07-24T14:30:00Z,"QQQ",2019-07-24T19:50:00Z,Buy,185.856545252,186.89137058,136,140.74,2,-22.15,149.86,72.97,1,"	243,244" 
2019-09-05T14:05:00Z,"QQQ",2019-09-05T19:50:00Z,Buy,183.53776998,183.691077436,138,21.16,2,-42.31,101.82,144.13,1,"	245,246" 
2019-09-12T14:20:00Z,"QQQ",2019-09-12T19:50:00Z,Buy,186.22065046,185.463694896,136,-102.95,2,-134.22,32.58,166.8,0,"	247,248" 
2019-09-13T13:55:00Z,"QQQ",2019-09-13T19:10:00Z,Buy,185.051681108,184.342634124,136,-96.43,2,-96.43,33.88,130.31,0,"	249,250" 
2019-10-07T14:30:00Z,"QQQ",2019-10-07T19:50:00Z,Buy,181.26774848,180.902908732,139,-50.71,2,-70.73,106.76,177.49,0,"	251,252" 
2019-10-11T14:30:00Z,"QQQ",2019-10-11T19:50:00Z,Buy,184.330482154,183.917637176,137,-56.56,2,-89.44,80.24,138.11,0,"	253,254" 
2019-10-24T15:30:00Z,"QQQ",2019-10-24T19:50:00Z,Buy,186.135478802,186.221888216,135,11.67,2,-71.29,37.59,108.88,1,"	255,256" 
2019-10-25T13:55:00Z,"QQQ",2019-10-25T19:50:00Z,Buy,186.145079848,187.60443884,135,197.01,2,-5.18,233.31,75.18,1,"	257,258" 
2019-11-08T16:05:00Z,"QQQ",2019-11-08T20:50:00Z,Buy,192.769801588,192.894615186,131,16.35,2,-50.31,33.96,55.34,1,"	259,260" 
2019-11-11T16:05:00Z,"QQQ",2019-11-11T20:50:00Z,Buy,192.635386944,192.78900368,131,20.12,2,-13.84,47.79,33.96,1,"	261,262" 
2019-11-18T16:35:00Z,"QQQ",2019-11-18T20:50:00Z,Buy,194.66120765,194.776420202,130,14.98,2,-22.47,77.38,62.41,1,"	263,264" 
2019-11-20T15:35:00Z,"QQQ",2019-11-20T17:55:00Z,Buy,195.179664134,194.555596144,129,-80.5,2,-82.98,16.1,99.08,0,"	265,266" 
2019-11-26T15:50:00Z,"QQQ",2019-11-26T20:50:00Z,Buy,196.408598022,196.600618942,128,24.58,2,-17.21,36.87,54.07,1,"	267,268" 
2019-11-27T15:15:00Z,"QQQ",2019-11-27T20:50:00Z,Buy,197.10947438,197.704739232,128,76.19,2,0,81.11,22.12,1,"	269,270" 
2019-12-13T14:55:00Z,"QQQ",2019-12-13T20:50:00Z,Buy,198.684045924,198.952875212,127,34.14,2,-76.82,109.74,186.56,1,"	271,272" 
2019-12-18T16:20:00Z,"QQQ",2019-12-18T20:50:00Z,Buy,201.621966,201.410742988,125,-26.4,2,-40.8,14.4,55.21,0,"	273,274" 
2019-12-19T16:10:00Z,"QQQ",2019-12-19T20:50:00Z,Buy,201.804385874,202.217230852,125,51.61,2,-8.4,66.01,28.8,1,"	275,276" 
2019-12-26T15:25:00Z,"QQQ",2019-12-26T20:50:00Z,Buy,204.791370264,205.339815486,123,67.46,2,-8.28,81.66,35.5,1,"	277,278" 
2020-01-21T15:05:00Z,"QQQ",2020-01-21T20:50:00Z,Buy,214.90393041,214.721115336,117,-21.39,2,-73.17,46.16,119.33,0,"	279,280" 
2020-01-23T15:30:00Z,"QQQ",2020-01-23T20:50:00Z,Buy,215.519728554,216.087417468,117,66.42,2,-76.55,73.17,100.19,1,"	281,282" 
2020-02-04T15:30:00Z,"QQQ",2020-02-04T20:50:00Z,Buy,217.395988524,219.118298958,116,199.79,2,-12.28,210.95,53.57,1,"	283,284" 
2020-02-06T15:00:00Z,"QQQ",2020-02-06T20:50:00Z,Buy,220.551954012,221.090777388,115,61.96,2,-55.33,101.8,66.39,1,"	285,286" 
2020-02-07T15:45:00Z,"QQQ",2020-02-07T20:50:00Z,Buy,221.042668158,220.503844782,115,-61.96,2,-128.36,77.46,205.81,0,"	287,288" 
2020-02-11T15:15:00Z,"QQQ",2020-02-11T19:05:00Z,Buy,224.689347792,223.496238888,113,-134.82,2,-134.82,54.36,189.18,0,"	289,290" 
2020-02-12T16:40:00Z,"QQQ",2020-02-12T20:50:00Z,Buy,225.170440092,225.237793014,112,7.54,2,-35.56,24.79,58.19,1,"	291,292" 
2020-02-13T14:55:00Z,"QQQ",2020-02-13T20:50:00Z,Buy,224.76632256,225.10308717,112,37.72,2,-84.06,136.86,123.93,1,"	293,294" 
2020-03-05T16:05:00Z,"QQQ",2020-03-05T17:45:00Z,Buy,206.609899158,203.867673048,122,-334.55,2,-334.55,178.43,512.98,0,"	295,296" 
2020-03-18T13:55:00Z,"QQQ",2020-03-18T17:30:00Z,Buy,170.16234651,163.677222306,148,-959.8,2,-959.8,247.78,1207.58,0,"	297,298" 
2020-03-31T14:10:00Z,"QQQ",2020-03-31T16:25:00Z,Buy,185.58134218,185.764570485,135,24.74,2,0,360.62,335.89,1,"	299,300" 
2020-04-14T13:55:00Z,"QQQ",2020-04-14T19:50:00Z,Buy,201.70543302,204.67566028,124,368.31,2,-74.14,369.5,185.35,1,"	301,302" 
2020-04-15T14:55:00Z,"QQQ",2020-04-15T19:50:00Z,Buy,201.715076615,202.30333591,124,72.94,2,-139.91,232.58,220.63,1,"	303,304" 
2020-04-20T14:30:00Z,"QQQ",2020-04-20T19:20:00Z,Buy,206.85511275,205.4085735,121,-175.03,2,-187.87,149.36,337.23,0,"	305,306" 
2020-04-27T14:00:00Z,"QQQ",2020-04-27T15:00:00Z,Buy,208.658465015,207.51087721,120,-137.71,2,-137.71,15.04,152.75,0,"	307,308" 
2020-05-08T14:20:00Z,"QQQ",2020-05-08T19:50:00Z,Buy,215.99724081,216.65300527,116,76.07,2,-55.93,107.39,163.32,1,"	309,310" 
2020-05-11T14:05:00Z,"QQQ",2020-05-11T19:50:00Z,Buy,217.395562085,219.02532964,115,187.42,2,-46.58,272.82,85.39,1,"	311,312" 
2020-05-18T14:35:00Z,"QQQ",2020-05-18T19:50:00Z,Buy,219.015686045,220.20184823,114,135.22,2,-14.29,149.51,128.63,1,"	313,314" 
2020-05-28T14:15:00Z,"QQQ",2020-05-28T19:50:00Z,Buy,222.86348045,221.523020745,113,-151.47,2,-151.47,256.09,407.56,0,"	315,316" 
2020-06-09T14:25:00Z,"QQQ",2020-06-09T19:50:00Z,Buy,233.307493835,234.754033085,107,154.78,2,-25.8,230.11,107.31,1,"	317,318" 
2020-06-17T16:35:00Z,"QQQ",2020-06-17T19:25:00Z,Buy,236.17164155,234.95654858,106,-128.8,2,-129.82,58.27,188.09,0,"	319,320" 
2020-06-18T15:00:00Z,"QQQ",2020-06-18T19:05:00Z,Buy,235.51587709,234.18506098,106,-141.07,2,-141.07,25.56,166.62,0,"	321,322" 
2020-06-23T14:20:00Z,"QQQ",2020-06-23T19:30:00Z,Buy,240.562683152,240.630305784,104,7.03,2,-19.09,206.96,199.93,1,"	323,324" 
2020-07-01T14:30:00Z,"QQQ",2020-07-01T19:50:00Z,Buy,240.59166428,242.900494144,104,240.12,2,-25.12,240.12,92.43,1,"	325,326" 
2020-07-06T14:00:00Z,"QQQ",2020-07-06T15:45:00Z,Buy,247.894908536,250.05883276,101,218.56,2,-12.68,221.48,64.3,1,"	327,328" 
2020-07-07T14:15:00Z,"QQQ",2020-07-07T19:10:00Z,Buy,250.937926976,248.793323504,100,-214.46,2,-214.46,105.3,319.76,0,"	329,330" 
2020-07-30T16:05:00Z,"QQQ",2020-07-30T19:50:00Z,Buy,251.401625024,252.03920984,100,63.76,2,-40.57,137.18,94.67,1,"	331,332" 
2020-08-03T16:00:00Z,"QQQ",2020-08-03T19:50:00Z,Buy,260.49203884,260.665925608,96,16.69,2,-69.55,44.52,114.07,1,"	333,334" 
2020-08-04T14:10:00Z,"QQQ",2020-08-04T18:35:00Z,Buy,261.16826516,259.168567328,96,-191.97,2,-191.97,0,191.97,0,"	335,336" 
2020-08-05T13:55:00Z,"QQQ",2020-08-05T19:50:00Z,Buy,261.805849976,261.177925536,96,-60.28,2,-60.28,41.73,102.01,0,"	337,338" 
2020-08-06T14:15:00Z,"QQQ",2020-08-06T19:20:00Z,Buy,262.356491408,265.56373624,95,304.69,2,-102.79,304.69,133.07,1,"	339,340" 
2020-08-07T14:55:00Z,"QQQ",2020-08-07T15:30:00Z,Buy,265.496113608,264.056717584,94,-135.3,2,-136.21,0,136.21,0,"	341,342" 
2020-08-13T14:35:00Z,"QQQ",2020-08-13T18:25:00Z,Buy,264.858528792,262.684944192,95,-206.49,2,-220.26,53.23,273.49,0,"	343,344" 
2020-08-19T15:45:00Z,"QQQ",2020-08-19T18:30:00Z,Buy,269.128414984,267.244641664,93,-175.19,2,-210.23,37.73,247.96,0,"	345,346" 
2020-08-21T14:30:00Z,"QQQ",2020-08-21T19:50:00Z,Buy,271.591810864,272.007207032,92,38.22,2,-70.21,98.65,138.65,1,"	347,348" 
2020-08-25T14:20:00Z,"QQQ",2020-08-25T19:50:00Z,Buy,274.296716144,275.890678184,91,145.05,2,-79.12,169.58,124.83,1,"	349,350" 
2020-08-26T14:30:00Z,"QQQ",2020-08-26T16:15:00Z,Buy,278.238149552,281.039658592,90,252.14,2,0,253.01,31.3,1,"	351,352" 
2020-08-27T15:05:00Z,"QQQ",2020-08-27T16:50:00Z,Buy,283.43543184,280.286149264,88,-277.14,2,-280.54,34.85,315.39,0,"	353,354" 
2020-08-31T14:20:00Z,"QQQ",2020-08-31T19:50:00Z,Buy,284.11165816,286.57505404,88,216.78,2,-66.73,222.73,156,1,"	355,356" 
2020-09-01T14:05:00Z,"QQQ",2020-09-01T19:50:00Z,Buy,288.21731796,289.028789544,87,70.6,2,-47.07,107.58,121.03,1,"	357,358" 
2020-10-06T14:10:00Z,"QQQ",2020-10-06T15:20:00Z,Buy,271.08776345,269.36571135,92,-158.43,2,-158.43,25.81,184.24,0,"	359,360" 
2020-10-09T14:05:00Z,"QQQ",2020-10-09T19:50:00Z,Buy,274.7930778,275.8959651,91,100.36,2,-55.46,131.18,73.07,1,"	361,362" 
2020-10-12T14:55:00Z,"QQQ",2020-10-12T18:30:00Z,Buy,282.0876131,287.6794452,89,497.67,2,0,505.42,99.88,1,"	363,364" 
2020-10-13T15:25:00Z,"QQQ",2020-10-13T19:50:00Z,Buy,287.0409315,285.4736706,88,-137.92,2,-299.68,27.24,326.92,0,"	365,366" 
2020-10-26T13:55:00Z,"QQQ",2020-10-26T14:55:00Z,Buy,275.3928937,272.73241995,91,-242.1,2,-242.1,50.18,292.28,0,"	367,368" 
2020-11-05T14:55:00Z,"QQQ",2020-11-05T20:50:00Z,Buy,285.01897145,284.1385965,88,-77.47,2,-206.03,58.74,258.81,0,"	369,370" 
2020-11-16T15:25:00Z,"QQQ",2020-11-16T20:50:00Z,Buy,283.0163603,282.71645235,89,-26.69,2,-122.27,77.49,199.76,0,"	371,372" 
2020-11-24T16:05:00Z,"QQQ",2020-11-24T20:50:00Z,Buy,283.20017485,284.8351569,88,143.88,2,-3.41,186.45,73.22,1,"	373,374" 
2020-11-27T15:15:00Z,"QQQ",2020-11-27T17:50:00Z,Buy,289.3627995,288.92744925,87,-37.88,2,-59.76,84.17,143.93,0,"	375,376" 
2020-12-01T15:05:00Z,"QQQ",2020-12-01T20:20:00Z,Buy,292.89397375,293.08746275,86,16.64,2,-118.14,193.02,176.38,1,"	377,378" 
2020-12-02T15:20:00Z,"QQQ",2020-12-02T20:50:00Z,Buy,292.9229971,293.7743487,86,73.22,2,-24.13,113.98,108.99,1,"	379,380" 
2020-12-03T15:05:00Z,"QQQ",2020-12-03T16:10:00Z,Buy,295.1868184,294.09360555,85,-92.92,2,-92.92,55.1,148.02,0,"	381,382" 
2020-12-04T15:00:00Z,"QQQ",2020-12-04T20:50:00Z,Buy,295.11909725,295.1868184,85,5.76,2,-61.67,49.34,79.77,1,"	383,384" 
2020-12-07T15:05:00Z,"QQQ",2020-12-07T20:50:00Z,Buy,297.09268505,296.31872905,84,-65.01,2,-79.64,37.38,117.02,0,"	385,386" 
2021-01-20T15:10:00Z,"QQQ",2021-01-20T20:50:00Z,Buy,311.917507268,314.437426228,80,201.59,2,0,224.08,64.35,1,"	387,388" 
2021-01-21T15:15:00Z,"QQQ",2021-01-21T20:50:00Z,Buy,315.687693712,316.83134924,79,90.35,2,-85.75,100.3,131.69,1,"	389,390" 
2021-01-26T15:50:00Z,"QQQ",2021-01-26T20:50:00Z,Buy,319.215580256,318.488680556,79,-57.43,2,-109.49,24.5,133.99,0,"	391,392" 
2021-02-02T15:20:00Z,"QQQ",2021-02-02T20:50:00Z,Buy,317.36440902,318.3820686,79,80.4,2,-92.65,106.43,92.65,1,"	393,394" 
2021-02-08T15:10:00Z,"QQQ",2021-02-08T16:35:00Z,Buy,323.354062548,321.561043288,78,-139.86,2,-139.86,0,139.86,0,"	395,396" 
2021-02-09T15:00:00Z,"QQQ",2021-02-09T20:50:00Z,Buy,323.751434384,323.61574644,77,-10.45,2,-71.64,52.24,123.88,0,"	397,398" 
2021-02-12T15:45:00Z,"QQQ",2021-02-12T20:50:00Z,Buy,324.071270252,325.573529632,77,115.67,2,-8.96,116.42,73.14,1,"	399,400" 
2021-03-12T14:55:00Z,"QQQ",2021-03-12T15:55:00Z,Buy,304.415902364,302.254587256,82,-177.23,2,-194.71,19.87,214.58,0,"	401,402" 
2021-03-17T14:00:00Z,"QQQ",2021-03-17T19:50:00Z,Buy,308.35085274,312.03381122,81,298.32,2,-175.07,444.34,240.23,1,"	403,404" 
2021-04-01T14:10:00Z,"QQQ",2021-04-01T19:50:00Z,Buy,314.756602745,314.70808161,80,-3.88,2,-83.84,20.96,104.81,0,"	405,406" 
2021-04-05T14:05:00Z,"QQQ",2021-04-05T19:50:00Z,Buy,318.948828809,321.384589786,79,192.43,2,-9.97,226.92,75.9,1,"	407,408" 
2021-04-09T14:00:00Z,"QQQ",2021-04-09T19:50:00Z,Buy,324.548167788,326.74132309,78,171.07,2,-35.58,172.2,81.75,1,"	409,410" 
2021-04-26T14:15:00Z,"QQQ",2021-04-26T19:50:00Z,Buy,330.166915221,331.059704105,76,67.85,2,-15.49,120.22,64.16,1,"	411,412" 
2021-05-26T16:00:00Z,"QQQ",2021-05-26T19:50:00Z,Buy,324.451125518,323.936801487,78,-40.12,2,-65.1,18.92,84.02,0,"	413,414" 
2021-05-27T14:20:00Z,"QQQ",2021-05-27T19:50:00Z,Buy,324.140590254,323.1507591,78,-77.21,2,-93.86,32.55,126.41,0,"	415,416" 
2021-06-10T13:55:00Z,"QQQ",2021-06-10T19:50:00Z,Buy,330.13780254,329.759337687,76,-28.76,2,-217.57,11.8,229.37,0,"	417,418" 
2021-06-11T13:55:00Z,"QQQ",2021-06-11T15:05:00Z,Buy,330.894732246,329.759337687,76,-86.29,2,-87.03,0,87.03,0,"	419,420" 
2021-06-14T16:05:00Z,"QQQ",2021-06-14T19:50:00Z,Buy,332.408591658,333.379014358,76,73.75,2,-14.01,73.75,34.59,1,"	421,422" 
2021-06-22T15:10:00Z,"QQQ",2021-06-22T19:50:00Z,Buy,335.970979299,337.651757166,75,126.06,2,0,160.31,44.08,1,"	423,424" 
2021-06-23T14:00:00Z,"QQQ",2021-06-23T15:05:00Z,Buy,338.77875273,337.506024981,74,-94.18,2,-94.18,9.35,103.53,0,"	425,426" 
2021-06-24T14:20:00Z,"QQQ",2021-06-24T17:45:00Z,Buy,340.789856883,339.594852966,74,-88.43,2,-88.43,47.45,135.88,0,"	427,428" 
2021-06-29T16:25:00Z,"QQQ",2021-06-29T19:50:00Z,Buy,344.248567407,344.646902046,73,29.08,2,-7.8,41.7,44.68,1,"	429,430" 
2021-07-02T15:55:00Z,"QQQ",2021-07-02T19:50:00Z,Buy,347.367236166,348.445654335,72,77.65,2,-24.48,78.35,32.88,1,"	431,432" 
2021-07-06T14:10:00Z,"QQQ",2021-07-06T14:35:00Z,Buy,350.136147681,348.737118705,72,-100.73,2,-100.73,0,100.73,0,"	433,434" 
2021-07-13T13:55:00Z,"QQQ",2021-07-13T18:05:00Z,Buy,352.992498507,351.399159951,71,-113.13,2,-122.09,144.17,266.26,0,"	435,436" 
2021-07-22T14:30:00Z,"QQQ",2021-07-22T19:50:00Z,Buy,353.002213986,353.225670003,71,15.87,2,-89.67,39.25,118.65,1,"	437,438" 
2021-08-05T14:55:00Z,"QQQ",2021-08-05T19:50:00Z,Buy,358.802354949,358.831501386,70,2.04,2,-19.72,27.88,47.61,1,"	439,440" 
2021-08-23T14:00:00Z,"QQQ",2021-08-23T19:50:00Z,Buy,360.143091051,362.892571608,70,192.46,2,-14.96,217.63,40.12,1,"	441,442" 
2021-08-30T14:00:00Z,"QQQ",2021-08-30T19:50:00Z,Buy,367.857181377,369.858570051,68,136.09,2,-7.93,140.06,45.59,1,"	443,444" 
2021-09-07T14:55:00Z,"QQQ",2021-09-07T19:50:00Z,Buy,371.22845259,371.247883548,68,1.32,2,-60.78,42.28,62.1,1,"	445,446" 
2021-09-24T14:05:00Z,"QQQ",2021-09-24T19:50:00Z,Buy,361.71916312,363.401804024,70,117.78,2,-83.06,123.91,83.06,1,"	447,448" 
2021-10-15T15:00:00Z,"QQQ",2021-10-15T19:50:00Z,Buy,358.305250072,358.207987592,70,-6.81,2,-80.34,14.64,91.23,0,"	449,450" 
2021-10-26T14:15:00Z,"QQQ",2021-10-26T16:05:00Z,Buy,371.63993608,369.150016592,68,-169.31,2,-169.31,37.7,207.01,0,"	451,452" 
2021-10-27T15:15:00Z,"QQQ",2021-10-27T19:50:00Z,Buy,371.182802424,370.190725128,68,-67.46,2,-67.46,97.22,164.68,0,"	453,454" 
2021-10-28T14:30:00Z,"QQQ",2021-10-28T19:50:00Z,Buy,372.242963456,373.030789544,68,53.57,2,-11.97,93.26,95.31,1,"	455,456" 
2021-10-29T14:10:00Z,"QQQ",2021-10-29T19:50:00Z,Buy,372.252689704,374.625894216,68,161.38,2,-48.28,175.27,78.7,1,"	457,458" 
2021-11-17T15:40:00Z,"QQQ",2021-11-17T17:20:00Z,Buy,387.561804056,387.3478266,65,-13.91,2,-28.45,73.97,87.88,0,"	459,460" 
2021-11-18T16:35:00Z,"QQQ",2021-11-18T20:50:00Z,Buy,389.575137392,391.004895848,65,92.93,2,-22.13,102.42,105.58,1,"	461,462" 
2021-11-19T15:00:00Z,"QQQ",2021-11-19T20:50:00Z,Buy,393.854686512,392.882061712,64,-62.25,2,-107.07,19.92,126.99,0,"	463,464" 
2021-11-22T15:05:00Z,"QQQ",2021-11-22T16:25:00Z,Buy,396.986538368,394.311820168,64,-171.18,2,-175.54,16.81,192.35,0,"	465,466" 
2021-11-30T14:55:00Z,"QQQ",2021-11-30T15:50:00Z,Buy,388.631691336,385.74299568,65,-187.77,2,-187.77,85.98,273.75,0,"	467,468" 
2022-01-12T15:15:00Z,"QQQ",2022-01-12T15:50:00Z,Buy,379.837775043,376.711658442,66,-206.32,2,-221.75,0,221.75,0,"	469,470" 
2022-01-31T14:55:00Z,"QQQ",2022-01-31T20:50:00Z,Buy,346.969726668,352.900583397,72,427.02,2,0,427.72,168.99,1,"	471,472" 
2022-02-09T16:05:00Z,"QQQ",2022-02-09T20:50:00Z,Buy,355.315776285,356.766839754,71,103.03,2,-81.59,121,106.48,1,"	473,474" 
2022-02-10T14:55:00Z,"QQQ",2022-02-10T18:35:00Z,Buy,354.147134565,350.456174466,71,-262.06,2,-262.06,187.38,449.44,0,"	475,476" 
2022-02-28T15:00:00Z,"QQQ",2022-02-28T17:25:00Z,Buy,335.955278457,335.731288794,75,-16.8,2,-184.06,249.8,270.25,0,"	477,478" 
2022-03-17T14:00:00Z,"QQQ",2022-03-17T19:50:00Z,Buy,332.0890221,334.91323959,76,214.64,2,-231.66,232.4,273.85,1,"	479,480" 
2022-03-23T14:15:00Z,"QQQ",2022-03-23T18:10:00Z,Buy,345.945511048,343.975867224,73,-143.78,2,-143.78,192.9,336.68,0,"	481,482" 
2022-03-25T14:45:00Z,"QQQ",2022-03-25T15:10:00Z,Buy,351.327904072,348.129670536,72,-230.27,2,-230.27,15.45,245.72,0,"	483,484" 
2022-03-30T14:15:00Z,"QQQ",2022-03-30T15:10:00Z,Buy,361.41014028,358.816450888,69,-178.96,2,-178.96,18.84,197.8,0,"	485,486" 
2022-05-03T14:00:00Z,"QQQ",2022-05-03T19:50:00Z,Buy,311.48649484,309.741117392,81,-141.38,2,-242.47,124.79,345.15,0,"	487,488" 
2022-05-16T14:30:00Z,"QQQ",2022-05-16T15:00:00Z,Buy,293.905961104,290.142186272,85,-319.92,2,-319.92,0,319.92,0,"	489,490" 
2022-05-26T13:55:00Z,"QQQ",2022-05-26T19:50:00Z,Buy,287.704508272,292.940640616,87,455.54,2,0,484.39,200.2,1,"	491,492" 
2022-05-27T14:00:00Z,"QQQ",2022-05-27T19:50:00Z,Buy,297.669735936,300.351181736,84,225.24,2,-19.66,277.66,158.9,1,"	493,494" 
2022-06-07T15:05:00Z,"QQQ",2022-06-07T19:50:00Z,Buy,300.867969472,302.457335528,84,133.51,2,-172,133.51,199.03,1,"	495,496" 
2022-07-20T14:25:00Z,"QQQ",2022-07-20T17:15:00Z,Buy,293.465079291,293.76793283,86,26.05,2,0,318.43,306.66,1,"	497,498" 
2022-07-21T15:35:00Z,"QQQ",2022-07-21T19:50:00Z,Buy,297.724567775,299.522150071,85,152.79,2,-50.65,201.79,133.7,1,"	499,500" 
2022-07-28T15:30:00Z,"QQQ",2022-07-28T19:50:00Z,Buy,300.928953607,302.452990771,84,128.02,2,-79.6,192.03,128.84,1,"	501,502" 
2022-07-29T14:05:00Z,"QQQ",2022-07-29T19:50:00Z,Buy,306.390086778,308.832454028,82,200.27,2,-200.27,208.29,266.77,1,"	503,504" 
2022-08-11T14:05:00Z,"QQQ",2022-08-11T15:10:00Z,Buy,321.61091948,318.953623912,79,-209.93,2,-216.1,81.81,297.91,0,"	505,506" 
2022-08-15T13:55:00Z,"QQQ",2022-08-15T19:50:00Z,Buy,323.740663722,325.655479646,78,149.36,2,-135.64,164.98,161.55,1,"	507,508" 
2022-08-16T15:55:00Z,"QQQ",2022-08-16T18:50:00Z,Buy,325.108389382,323.398732307,78,-133.35,2,-163.83,121.16,284.99,0,"	509,510" 
2022-09-09T14:00:00Z,"QQQ",2022-09-09T19:50:00Z,Buy,297.841801403,300.225551839,85,202.62,2,-5.81,220.06,125.39,1,"	511,512" 
2022-10-05T16:50:00Z,"QQQ",2022-10-05T19:50:00Z,Buy,274.212474198,276.796245102,92,237.71,2,-45.02,311.54,122.46,1,"	513,514" 
2022-10-19T14:20:00Z,"QQQ",2022-10-19T17:05:00Z,Buy,266.431800453,262.68337524,95,-356.1,2,-356.1,132.03,488.13,0,"	515,516" 
2022-11-08T15:25:00Z,"QQQ",2022-11-08T18:30:00Z,Buy,263.789307483,263.945899659,96,15.03,2,-13.15,299.72,287.97,1,"	517,518" 
2022-11-11T15:15:00Z,"QQQ",2022-11-11T20:50:00Z,Buy,278.626416159,282.110592075,91,317.06,2,-148.73,350.01,291.23,1,"	519,520" 
2022-11-14T15:10:00Z,"QQQ",2022-11-14T20:50:00Z,Buy,280.466374227,280.123828842,90,-30.83,2,-118.91,229.9,266.89,0,"	521,522" 
2022-11-23T14:55:00Z,"QQQ",2022-11-23T20:50:00Z,Buy,282.130166097,282.139953108,90,0.88,2,-203.47,96.89,287.59,1,"	523,524" 
2022-12-02T15:15:00Z,"QQQ",2022-12-02T20:50:00Z,Buy,284.723724012,285.526258914,89,71.43,2,-131.53,209.92,167.24,1,"	525,526" 
2022-12-14T15:00:00Z,"QQQ",2022-12-14T19:05:00Z,Buy,283.784170956,281.259122118,89,-224.73,2,-255.22,116.72,371.94,0,"	527,528" 
2023-01-09T14:55:00Z,"QQQ",2023-01-09T20:15:00Z,Buy,268.011847464,265.853547144,94,-202.88,2,-202.88,180.75,383.63,0,"	529,530" 
2023-01-10T15:15:00Z,"QQQ",2023-01-10T15:45:00Z,Buy,267.079854144,264.09747552,95,-283.33,2,-283.33,59.65,342.97,0,"	531,532" 
2023-01-11T15:25:00Z,"QQQ",2023-01-11T20:50:00Z,Buy,269.856213192,271.631905728,93,165.14,2,-122.26,168.79,155.1,1,"	533,534" 
2023-01-23T14:55:00Z,"QQQ",2023-01-23T20:50:00Z,Buy,280.588852056,283.139570616,90,229.56,2,-21.19,368.19,249.87,1,"	535,536" 
2023-01-24T14:55:00Z,"QQQ",2023-01-24T20:50:00Z,Buy,283.973459376,282.168335472,89,-160.66,2,-228.76,0,228.76,0,"	537,538" 
2023-02-02T15:35:00Z,"QQQ",2023-02-02T19:35:00Z,Buy,304.310534664,303.996600072,83,-26.06,2,-33.38,277.26,303.31,0,"	539,540" 
2023-02-14T15:00:00Z,"QQQ",2023-02-14T20:50:00Z,Buy,299.836966728,301.396829232,84,131.03,2,-333.75,166.46,500.22,1,"	541,542" 
2023-03-06T15:15:00Z,"QQQ",2023-03-06T17:45:00Z,Buy,296.37387576,296.540653512,85,14.18,2,0,153.44,139.26,1,"	543,544" 
2023-03-15T15:50:00Z,"QQQ",2023-03-15T19:50:00Z,Buy,291.115471344,291.988601928,87,75.96,2,-233.86,208.26,233.86,1,"	545,546" 
2023-03-22T14:25:00Z,"QQQ",2023-03-22T18:45:00Z,Buy,305.508966543,308.269974474,83,229.16,2,-48.12,256.89,226.72,1,"	547,548" 
2023-03-30T14:30:00Z,"QQQ",2023-03-30T17:35:00Z,Buy,310.362838137,309.046200903,82,-107.96,2,-114.01,26.59,140.6,0,"	549,550" 
2023-03-31T14:35:00Z,"QQQ",2023-03-31T19:50:00Z,Buy,312.16093227,314.430657651,81,183.85,2,-5.57,258.66,76.4,1,"	551,552" 
2023-04-14T13:55:00Z,"QQQ",2023-04-14T14:55:00Z,Buy,314.32257549,311.66964972,81,-214.89,2,-220.46,25.47,245.93,0,"	553,554" 
2023-04-28T14:15:00Z,"QQQ",2023-04-28T19:50:00Z,Buy,315.629387073,316.199274831,80,45.59,2,-150.92,74.67,198.48,1,"	555,556" 
2023-05-01T15:00:00Z,"QQQ",2023-05-01T15:20:00Z,Buy,317.034455166,315.963459207,80,-85.68,2,-102.97,16.51,119.48,0,"	557,558" 
2023-05-08T15:55:00Z,"QQQ",2023-05-08T19:50:00Z,Buy,317.299747743,318.164405031,80,69.17,2,-49.52,84.11,109.65,1,"	559,560" 
2023-05-09T14:00:00Z,"QQQ",2023-05-09T15:55:00Z,Buy,317.07375777,316.179623529,80,-71.53,2,-82.93,1.57,84.5,0,"	561,562" 
2023-05-11T15:35:00Z,"QQQ",2023-05-11T19:50:00Z,Buy,320.355525204,320.434130412,79,6.21,2,-81.5,50.45,114.11,1,"	563,564" 
2023-05-16T15:05:00Z,"QQQ",2023-05-16T19:50:00Z,Buy,322.369783659,322.133968035,78,-18.39,2,-29.12,59.01,79.32,0,"	565,566" 
2023-05-17T15:45:00Z,"QQQ",2023-05-17T17:50:00Z,Buy,323.126358786,325.769458905,78,206.16,2,-22.99,206.93,38.32,1,"	567,568" 
2023-05-26T13:55:00Z,"QQQ",2023-05-26T19:50:00Z,Buy,337.265470575,342.590973417,75,399.41,2,-20.27,435.15,69.27,1,"	569,570" 
2023-06-05T14:55:00Z,"QQQ",2023-06-05T18:35:00Z,Buy,350.363063358,347.877173655,73,-181.47,2,-181.47,64.55,246.02,0,"	571,572" 
2023-06-14T14:05:00Z,"QQQ",2023-06-14T18:05:00Z,Buy,357.712650306,356.002987032,71,-121.39,2,-123.48,141.27,264.75,0,"	573,574" 
2023-06-15T13:55:00Z,"QQQ",2023-06-15T19:50:00Z,Buy,359.992201338,364.570954704,70,320.51,2,-44.71,365.22,94.92,1,"	575,576" 
2023-07-05T14:20:00Z,"QQQ",2023-07-05T19:50:00Z,Buy,365.454731304,364.962774904,70,-34.44,2,-130.86,38.57,169.43,0,"	577,578" 
2023-07-12T14:05:00Z,"QQQ",2023-07-12T15:45:00Z,Buy,367.215935216,365.110361824,69,-145.28,2,-145.28,65.17,210.46,0,"	579,580" 
2023-07-18T15:45:00Z,"QQQ",2023-07-18T19:50:00Z,Buy,376.19905908,380.341331968,67,277.53,2,0,311.81,52.08,1,"	581,582" 
2023-07-19T15:35:00Z,"QQQ",2023-07-19T16:30:00Z,Buy,381.41379692,379.721466904,67,-113.39,2,-120.64,7.91,128.55,0,"	583,584" 
2023-08-01T15:10:00Z,"QQQ",2023-08-01T19:50:00Z,Buy,376.572945944,376.93699368,67,24.39,2,-47.46,52.74,66.91,1,"	585,586" 
2023-08-30T13:55:00Z,"QQQ",2023-08-30T19:50:00Z,Buy,369.961051928,370.659630016,69,48.2,2,-141.21,92.33,209.1,1,"	587,588" 
2023-08-31T14:15:00Z,"QQQ",2023-08-31T19:50:00Z,Buy,373.030859864,372.912790328,68,-8.03,2,-138.5,35.46,173.96,0,"	589,590" 
2023-09-14T14:45:00Z,"QQQ",2023-09-14T19:50:00Z,Buy,370.561238736,371.407403744,69,58.39,2,-21.05,110.66,90.97,1,"	591,592" 
2023-10-02T14:05:00Z,"QQQ",2023-10-02T19:50:00Z,Buy,355.886762628,354.793030122,71,-77.66,2,-197.99,96.54,294.53,0,"	593,594" 
2023-10-03T13:55:00Z,"QQQ",2023-10-03T14:05:00Z,Buy,355.51233168,352.891315044,72,-188.71,2,-188.71,1.42,190.13,0,"	595,596" 
2023-10-09T16:20:00Z,"QQQ",2023-10-09T19:50:00Z,Buy,358.46836548,361.010554548,71,180.5,2,-45.47,228.77,75.56,1,"	597,598" 
2023-10-10T14:00:00Z,"QQQ",2023-10-10T17:15:00Z,Buy,362.478718002,363.0994851,70,43.45,2,0,231.75,188.3,1,"	599,600" 
2023-11-01T14:25:00Z,"QQQ",2023-11-01T19:50:00Z,Buy,349.196272794,352.083332472,73,210.76,2,-115.81,213.99,169.76,1,"	601,602" 
2023-11-09T16:50:00Z,"QQQ",2023-11-09T18:05:00Z,Buy,368.755363104,366.755113566,69,-138.02,2,-168.61,36.71,205.33,0,"	603,604" 
2023-11-13T15:55:00Z,"QQQ",2023-11-13T20:50:00Z,Buy,371.62271589,372.135095082,68,34.84,2,-18.76,71.69,80.4,1,"	605,606" 
2023-11-16T14:55:00Z,"QQQ",2023-11-16T16:25:00Z,Buy,380.007998436,378.392033292,67,-108.27,2,-108.27,27.07,135.34,0,"	607,608" 
2023-11-20T15:00:00Z,"QQQ",2023-11-20T20:50:00Z,Buy,382.8063771,385.190911032,66,157.38,2,-81.94,186.64,85.19,1,"	609,610" 
2023-12-08T15:05:00Z,"QQQ",2023-12-08T20:50:00Z,Buy,385.12193691,386.50141935,66,91.05,2,-65.03,113.81,168.43,1,"	611,612" 
2023-12-11T15:10:00Z,"QQQ",2023-12-11T20:50:00Z,Buy,388.156798278,389.585547948,66,94.3,2,-69.91,118.36,115.43,1,"	613,614" 
2023-12-18T15:05:00Z,"QQQ",2023-12-18T20:50:00Z,Buy,400.977591142,402.47830751,64,96.05,2,-56.24,116.27,66.35,1,"	615,616" 
2023-12-19T16:00:00Z,"QQQ",2023-12-19T20:50:00Z,Buy,403.475494044,403.248411962,63,-14.31,2,-46.65,15.55,62.2,0,"	617,618" 
2024-01-09T15:10:00Z,"QQQ",2024-01-09T20:50:00Z,Buy,398.234713422,399.963419947,64,110.64,2,-11.38,221.27,110.64,1,"	619,620" 
2024-01-16T15:20:00Z,"QQQ",2024-01-16T20:50:00Z,Buy,404.467935235,403.776452625,63,-43.56,2,-148.12,100.82,248.93,0,"	621,622" 
2024-01-24T15:20:00Z,"QQQ",2024-01-24T19:25:00Z,Buy,422.535388002,421.063517875,60,-88.31,2,-93.05,123.87,216.93,0,"	623,624" 
2024-01-25T16:50:00Z,"QQQ",2024-01-25T17:35:00Z,Buy,423.434315395,421.40925918,60,-121.5,2,-121.5,17.19,138.69,0,"	625,626" 
2024-01-26T16:05:00Z,"QQQ",2024-01-26T17:50:00Z,Buy,420.460940172,418.435883957,61,-123.53,2,-124.13,25.91,150.04,0,"	627,628" 
2024-02-08T15:50:00Z,"QQQ",2024-02-08T20:50:00Z,Buy,427.849925776,427.267104719,59,-34.39,2,-70.52,22.15,92.67,0,"	629,630" 
2024-02-09T15:00:00Z,"QQQ",2024-02-09T18:35:00Z,Buy,429.430457456,431.850646591,59,142.79,2,-20.98,142.79,53.04,1,"	631,632" 
2024-03-01T15:10:00Z,"QQQ",2024-03-01T18:40:00Z,Buy,436.374918525,440.089167973,58,215.43,2,-25.78,215.43,50.42,1,"	633,634" 
2024-03-08T14:55:00Z,"QQQ",2024-03-08T16:10:00Z,Buy,441.620308038,439.111213996,58,-145.53,2,-145.53,79.64,225.17,0,"	635,636" 
2024-03-22T14:05:00Z,"QQQ",2024-03-22T19:50:00Z,Buy,441.027628865,441.67056954,58,37.29,2,-74.01,88.92,99.25,1,"	637,638" 
2024-03-25T15:05:00Z,"QQQ",2024-03-25T19:50:00Z,Buy,440.44403656,440.730887015,58,16.64,2,-24.1,53.93,52.78,1,"	639,640" 
2024-04-12T14:00:00Z,"QQQ",2024-04-12T14:10:00Z,Buy,437.35792132,435.85442928,58,-87.2,2,-91.22,0,91.22,0,"	641,642" 
2024-05-06T14:00:00Z,"QQQ",2024-05-06T19:50:00Z,Buy,433.40136332,434.66746188,59,74.7,2,-51.94,78.78,64.2,1,"	643,644" 
2024-05-08T14:00:00Z,"QQQ",2024-05-08T19:50:00Z,Buy,434.914746755,435.429099295,59,30.35,2,-34.43,100.96,135.39,1,"	645,646" 
2024-05-14T14:25:00Z,"QQQ",2024-05-14T19:50:00Z,Buy,439.524136825,441.126542815,58,92.94,2,-75.15,117.03,108.43,1,"	647,648" 
2024-05-15T14:35:00Z,"QQQ",2024-05-15T19:50:00Z,Buy,444.430268745,447.753777465,57,189.44,2,-3.38,214.81,36.08,1,"	649,650" 
2024-05-16T14:25:00Z,"QQQ",2024-05-16T17:25:00Z,Buy,448.742916965,447.86258281,57,-50.18,2,-50.18,56.38,106.56,0,"	651,652" 
2024-05-21T14:05:00Z,"QQQ",2024-05-21T19:50:00Z,Buy,449.02976742,450.39477993,57,77.81,2,-18.61,90.77,42.85,1,"	653,654" 
2024-05-22T15:15:00Z,"QQQ",2024-05-22T17:40:00Z,Buy,451.75979244,450.424454115,57,-76.11,2,-81.19,2.26,83.44,0,"	655,656" 
2024-05-29T13:55:00Z,"QQQ",2024-05-29T19:50:00Z,Buy,452.39284172,451.947728945,56,-24.93,2,-42.65,44.87,78.66,0,"	657,658" 
2024-06-05T14:25:00Z,"QQQ",2024-06-05T16:50:00Z,Buy,453.668831675,456.3889653,56,152.33,2,0,152.88,37.11,1,"	659,660" 
2024-06-11T15:05:00Z,"QQQ",2024-06-11T19:50:00Z,Buy,459.93008471,461.78966697,56,104.14,2,-62.59,145.13,75.89,1,"	661,662" 
2024-06-12T14:15:00Z,"QQQ",2024-06-12T19:50:00Z,Buy,469.40604112,468.980711135,54,-22.97,2,-77.45,103.62,181.07,0,"	663,664" 
2024-06-14T14:00:00Z,"QQQ",2024-06-14T19:50:00Z,Buy,472.84824658,473.214228195,54,19.76,2,-89.2,47,99.88,1,"	665,666" 
2024-06-17T15:05:00Z,"QQQ",2024-06-17T17:55:00Z,Buy,475.10348464,480.70201421,54,302.32,2,0,302.32,25.64,1,"	667,668" 
2024-06-27T14:15:00Z,"QQQ",2024-06-27T15:35:00Z,Buy,478.483498482,475.115082442,54,-181.89,2,-181.89,0,181.89,0,"	669,670" 
2024-07-02T14:55:00Z,"QQQ",2024-07-02T19:50:00Z,Buy,479.028389312,481.465537388,53,129.17,2,-48.31,155.95,96.61,1,"	671,672" 
2024-07-03T14:00:00Z,"QQQ",2024-07-03T16:50:00Z,Buy,483.159652514,485.557172166,53,127.07,2,-35.18,182.2,63.01,1,"	673,674" 
2024-07-10T14:10:00Z,"QQQ",2024-07-10T19:50:00Z,Buy,495.741677134,498.485945496,52,142.7,2,-97.37,142.7,105.09,1,"	675,676" 
2024-07-23T15:15:00Z,"QQQ",2024-07-23T19:50:00Z,Buy,479.196810114,477.017246794,54,-117.7,2,-162.1,35.31,197.41,0,"	677,678" 
2024-08-09T14:15:00Z,"QQQ",2024-08-09T19:50:00Z,Buy,444.898409142,446.572710056,58,97.11,2,-140.78,170.95,157.73,1,"	679,680" 
2024-08-12T14:25:00Z,"QQQ",2024-08-12T19:50:00Z,Buy,448.653202316,446.285403982,57,-134.96,2,-153.6,80.19,233.79,0,"	681,682" 
2024-08-13T14:05:00Z,"QQQ",2024-08-13T19:50:00Z,Buy,453.755361906,458.322537772,57,260.33,2,-57.04,261.46,96,1,"	683,684" 
2024-08-14T16:00:00Z,"QQQ",2024-08-14T16:45:00Z,Buy,460.650707682,456.56898001,56,-228.58,2,-228.58,0,228.58,0,"	685,686" 
2024-08-15T13:55:00Z,"QQQ",2024-08-15T19:50:00Z,Buy,466.168965724,469.74543099,55,196.71,2,-5.45,229.94,69.2,1,"	687,688" 
2024-08-16T14:10:00Z,"QQQ",2024-08-16T19:50:00Z,Buy,469.339239644,470.072365488,55,40.32,2,-53.94,142.22,105.16,1,"	689,690" 
2024-08-19T14:55:00Z,"QQQ",2024-08-19T19:50:00Z,Buy,471.934901416,474.659355566,55,149.84,2,-40.87,175.73,69.2,1,"	691,692" 
2024-09-24T15:50:00Z,"QQQ",2024-09-24T19:50:00Z,Buy,481.30860685,481.397896075,54,4.82,2,-42.86,57.86,100.72,1,"	693,694" 
2024-09-25T14:00:00Z,"QQQ",2024-09-25T19:50:00Z,Buy,483.044786225,481.933631425,53,-58.89,2,-110.42,41.54,151.96,0,"	695,696" 
2024-10-07T14:30:00Z,"QQQ",2024-10-07T18:35:00Z,Buy,482.548734975,479.889900275,53,-140.92,2,-145.65,0,145.65,0,"	697,698" 
2024-10-09T14:20:00Z,"QQQ",2024-10-09T19:50:00Z,Buy,486.03101475,489.08669045,53,161.95,2,-15.77,182.98,89.39,1,"	699,700" 
2024-10-10T14:15:00Z,"QQQ",2024-10-10T19:50:00Z,Buy,488.09458795,488.53111305,53,23.14,2,-38.38,126.2,136.19,1,"	701,702" 
2024-10-21T14:05:00Z,"QQQ",2024-10-21T15:05:00Z,Buy,491.03121135,488.7096915,52,-120.72,2,-124.33,62.94,187.27,0,"	703,704" 
2024-10-22T14:10:00Z,"QQQ",2024-10-22T19:50:00Z,Buy,490.941922125,492.479681,52,79.96,2,-71.45,132.07,96.21,1,"	705,706" 
2024-10-29T14:05:00Z,"QQQ",2024-10-29T19:50:00Z,Buy,492.330865625,497.212009925,52,253.82,2,-15.48,261.04,72.74,1,"	707,708" 
2024-10-30T14:20:00Z,"QQQ",2024-10-30T19:50:00Z,Buy,495.91235565,493.203915825,52,-140.84,2,-157.61,20.64,178.24,0,"	709,710" 
2024-11-07T15:00:00Z,"QQQ",2024-11-07T20:50:00Z,Buy,506.855246225,509.871237825,51,153.82,2,-21.25,168.49,53.13,1,"	711,712" 
2024-12-02T14:55:00Z,"QQQ",2024-12-02T20:50:00Z,Buy,509.950606025,511.42883875,51,75.39,2,-31.88,112.33,98.16,1,"	713,714" 
2024-12-03T15:15:00Z,"QQQ",2024-12-03T20:50:00Z,Buy,511.2502603,512.232441775,50,49.11,2,-57.05,57.54,82.34,1,"	715,716" 
2024-12-12T15:30:00Z,"QQQ",2024-12-12T20:15:00Z,Buy,523.879725125,522.728886225,49,-56.39,2,-56.39,42.29,98.68,0,"	717,718" 
2024-12-16T14:55:00Z,"QQQ",2024-12-16T20:50:00Z,Buy,530.546653925,533.939644475,49,166.26,2,-45.21,210.49,70.49,1,"	719,720" 
2024-12-17T16:40:00Z,"QQQ",2024-12-17T19:35:00Z,Buy,533.09635735,530.7748375,48,-111.43,2,-119.53,4.29,123.81,0,"	721,722" 
2024-12-24T15:00:00Z,"QQQ",2024-12-24T17:50:00Z,Buy,523.352874339,525.260781603,49,93.49,2,-3.41,113.45,47.72,1,"	723,724" 
2025-01-06T15:15:00Z,"QQQ",2025-01-06T18:50:00Z,Buy,523.531740645,520.371769239,49,-154.84,2,-154.84,47.72,202.56,0,"	725,726" 
2025-01-22T14:55:00Z,"QQQ",2025-01-22T20:50:00Z,Buy,528.361130907,528.490312128,49,6.33,2,-18.02,100.3,101.28,1,"	727,728" 
2025-01-23T15:40:00Z,"QQQ",2025-01-23T20:50:00Z,Buy,526.642026966,527.705287785,49,52.1,2,-28.24,62.32,74.98,1,"	729,730" 
2025-01-31T14:55:00Z,"QQQ",2025-01-31T18:35:00Z,Buy,525.588703164,522.935519625,49,-130.01,2,-130.01,124.16,254.17,0,"	731,732" 
2025-02-05T16:10:00Z,"QQQ",2025-02-05T20:50:00Z,Buy,520.282336086,522.070999146,50,89.43,2,-65.58,148.56,73.53,1,"	733,734" 
2025-02-11T15:25:00Z,"QQQ",2025-02-11T20:50:00Z,Buy,525.111726348,524.356513056,49,-37.01,2,-104.69,67.68,172.37,0,"	735,736" 
2025-02-19T16:45:00Z,"QQQ",2025-02-19T20:50:00Z,Buy,535.933137861,535.545594198,48,-18.6,2,-40.07,68.68,95.4,0,"	737,738" 
2025-03-20T14:00:00Z,"QQQ",2025-03-20T19:50:00Z,Buy,477.443855799,477.036438102,54,-22,2,-168.49,215.18,383.67,0,"	739,740" 
2025-04-23T14:35:00Z,"QQQ",2025-04-23T15:30:00Z,Buy,460.43136678,455.11708956,56,-297.6,2,-332.15,34,366.15,0,"	741,742" 
2025-04-24T13:55:00Z,"QQQ",2025-04-24T19:50:00Z,Buy,457.50552876,464.92959394,56,415.75,2,-12.82,421.88,135.42,1,"	743,744" 
2025-04-25T14:10:00Z,"QQQ",2025-04-25T17:55:00Z,Buy,466.55174223,467.11899654,55,31.2,2,-169.68,229.89,201.43,1,"	745,746" 
2025-05-02T14:15:00Z,"QQQ",2025-05-02T19:50:00Z,Buy,485.61944851,485.76872596,53,7.91,2,-32.17,154.01,146.1,1,"	747,748" 
2025-05-05T14:10:00Z,"QQQ",2025-05-05T19:50:00Z,Buy,483.71864898,484.37546976,53,34.81,2,-62.24,156.12,128.64,1,"	749,750" 
2025-05-13T13:55:00Z,"QQQ",2025-05-13T19:50:00Z,Buy,509.30480391,513.93240486,51,236.01,2,0,280.67,78.16,1,"	751,752" 
2025-06-03T14:05:00Z,"QQQ",2025-06-03T19:50:00Z,Buy,522.75967807,524.17283793,50,70.66,2,-51.25,170.67,139.33,1,"	753,754" 
2025-06-09T14:10:00Z,"QQQ",2025-06-09T19:50:00Z,Buy,528.18342542,528.46207666,49,13.65,2,-6.34,70.22,72.17,1,"	755,756" 
2025-06-10T16:05:00Z,"QQQ",2025-06-10T19:50:00Z,Buy,529.99465848,530.9301305,49,45.84,2,-66.32,108.26,104.84,1,"	757,758" 
2025-06-24T15:05:00Z,"QQQ",2025-06-24T19:50:00Z,Buy,536.278831616,538.221618176,48,93.25,2,-6.7,113.82,40.17,1,"	759,760" 
2025-06-26T14:35:00Z,"QQQ",2025-06-26T19:50:00Z,Buy,541.997598208,544.169533952,48,104.25,2,-25.82,119.08,60.73,1,"	761,762" 
2025-06-27T14:00:00Z,"QQQ",2025-06-27T18:20:00Z,Buy,546.57061888,544.77727744,47,-84.29,2,-84.29,59.94,144.22,0,"	763,764" 
2025-07-03T14:00:00Z,"QQQ",2025-07-03T16:50:00Z,Buy,552.717794816,554.09268992,47,64.62,2,0,110.98,46.36,1,"	765,766" 
2025-07-17T13:55:00Z,"QQQ",2025-07-17T19:50:00Z,Buy,557.23103744,559.901123584,47,125.49,2,-31.84,137.2,53.85,1,"	767,768" 
2025-07-25T13:55:00Z,"QQQ",2025-07-25T19:50:00Z,Buy,563.677103616,564.673404416,46,45.83,2,-10.08,86.16,45.37,1,"	769,770" 
2025-08-08T14:10:00Z,"QQQ",2025-08-08T19:50:00Z,Buy,571.288841728,571.647510016,45,16.14,2,-55.15,59.18,91.01,1,"	771,772" 
2025-08-11T14:20:00Z,"QQQ",2025-08-11T18:25:00Z,Buy,573.789556736,571.627584,45,-97.29,2,-97.74,37.66,135.4,0,"	773,774" 
2025-08-14T14:20:00Z,"QQQ",2025-08-14T19:50:00Z,Buy,578.322725376,578.213132288,45,-4.93,2,-86.08,59.18,145.26,0,"	775,776" 
2025-08-25T14:05:00Z,"QQQ",2025-08-25T19:50:00Z,Buy,569.395870208,569.48553728,46,4.12,2,-21.08,76.99,77.45,1,"	777,778" 
2025-09-08T13:55:00Z,"QQQ",2025-09-08T19:15:00Z,Buy,578.15335424,575.871825408,45,-102.67,2,-108.05,22.42,130.47,0,"	779,780" 
2025-09-11T14:40:00Z,"QQQ",2025-09-11T19:50:00Z,Buy,581.919371264,582.527114752,45,27.35,2,-35.87,33.18,51.11,1,"	781,782" 
2025-09-12T14:25:00Z,"QQQ",2025-09-12T19:50:00Z,Buy,583.603119616,584.699050496,44,48.22,2,-4.82,91.18,71.45,1,"	783,784" 
2025-09-15T13:55:00Z,"QQQ",2025-09-15T19:50:00Z,Buy,587.927065088,588.96321792,44,45.59,2,-12.71,46.03,43.84,1,"	785,786" 
2025-09-19T16:25:00Z,"QQQ",2025-09-19T19:50:00Z,Buy,596.076805632,596.73436416,44,28.93,2,-15.34,38.8,36.38,1,"	787,788" 
2025-09-22T13:55:00Z,"QQQ",2025-09-22T19:50:00Z,Buy,597.77520101,600.807466338,43,130.39,2,-19.3,150.55,37.31,1,"	789,790" 
2025-09-30T15:00:00Z,"QQQ",2025-09-30T17:25:00Z,Buy,597.426091515,594.98232505,43,-105.08,2,-105.08,13.72,118.81,0,"	791,792" 
2025-10-01T15:05:00Z,"QQQ",2025-10-01T19:50:00Z,Buy,599.111791648,601.984464064,43,123.52,2,-25.73,133.39,33.88,1,"	793,794" 
2025-10-16T14:45:00Z,"QQQ",2025-10-16T15:30:00Z,Buy,606.55281117,603.390876601,43,-135.96,2,-141.97,0,141.97,0,"	795,796" 
2025-10-20T14:05:00Z,"QQQ",2025-10-20T19:50:00Z,Buy,608.527773456,610.572557641,43,87.93,2,-21.87,114.95,54.9,1,"	797,798" 
2025-10-21T15:55:00Z,"QQQ",2025-10-21T19:50:00Z,Buy,610.552608527,610.422939286,43,-5.58,2,-71.2,20.16,91.36,0,"	799,800" 
2025-10-27T14:10:00Z,"QQQ",2025-10-27T19:50:00Z,Buy,624.137955161,626.20268846,42,86.72,2,-37.28,87.14,37.28,1,"	801,802" 
2025-11-25T16:55:00Z,"QQQ",2025-11-25T20:50:00Z,Buy,602.942021536,607.699885225,43,204.59,2,0,208.45,120.95,1,"	803,804" 
2025-12-23T16:55:00Z,"QQQ",2025-12-23T20:50:00Z,Buy,620.4179092,621.26683905,42,35.66,2,-19.3,35.66,22.86,1,"	805,806" 
2025-12-24T16:10:00Z,"QQQ",2025-12-24T17:50:00Z,Buy,622.24560523,623.08454767,42,35.24,2,0,43.21,17.2,1,"	807,808" 
2026-01-07T15:35:00Z,"QQQ",2026-01-07T20:50:00Z,Buy,624.43284802,623.32424551,42,-46.56,2,-62.92,112,174.92,0,"	809,810" 
