Time,Symbol,Price,Quantity,Type,Status,Value,Tag
2017-04-05T14:30:00Z,QQQ,125.07882167,199,Market,Filled,24890.68551233,"ORB Long qty=199" 
2017-04-05T19:25:00Z,QQQ,124.289443682,-199,Market,Filled,-24733.599292718,"ORB Long ORB Trail Stop" 
2017-04-18T14:00:00Z,QQQ,123.706807548,201,Market,Filled,24865.068317148,"ORB Long qty=201" 
2017-04-18T19:50:00Z,QQQ,123.500065694,-201,Market,Filled,-24823.513204494,"ORB EOD Flatten" 
2017-04-20T15:50:00Z,QQQ,124.383417252,200,Market,Filled,24876.6834504,"ORB Long qty=200" 
2017-04-20T19:50:00Z,QQQ,124.806298317,-200,Market,Filled,-24961.2596634,"ORB EOD Flatten" 
2017-04-25T14:10:00Z,QQQ,126.723359145,197,Market,Filled,24964.501751565,"ORB Long qty=197" 
2017-04-25T19:50:00Z,QQQ,127.071061354,-197,Market,Filled,-25032.999086738,"ORB EOD Flatten" 
2017-05-01T14:35:00Z,QQQ,128.490062261,194,Market,Filled,24927.072078634,"ORB Long qty=194" 
2017-05-01T19:50:00Z,QQQ,129.072698395,-194,Market,Filled,-25040.10348863,"ORB EOD Flatten" 
2017-05-02T16:40:00Z,QQQ,129.166671965,193,Market,Filled,24929.167689245,"ORB Long qty=193" 
2017-05-02T19:50:00Z,QQQ,128.978724825,-193,Market,Filled,-24892.893891225,"ORB EOD Flatten" 
2017-05-15T14:45:00Z,QQQ,130.632659657,191,Market,Filled,24950.837994487,"ORB Long qty=191" 
2017-05-15T19:50:00Z,QQQ,130.585672872,-191,Market,Filled,-24941.863518552,"ORB EOD Flatten" 
2017-05-25T14:10:00Z,QQQ,131.929494923,189,Market,Filled,24934.674540447,"ORB Long qty=189" 
2017-05-25T19:50:00Z,QQQ,132.634296698,-189,Market,Filled,-25067.882075922,"ORB EOD Flatten" 
2017-05-26T14:05:00Z,QQQ,132.681283483,188,Market,Filled,24944.081294804,"ORB Long qty=188" 
2017-05-26T19:50:00Z,QQQ,132.606104627,-188,Market,Filled,-24929.947669876,"ORB EOD Flatten" 
2017-06-02T14:15:00Z,QQQ,134.00631082,186,Market,Filled,24925.17381252,"ORB Long qty=186" 
2017-06-02T19:50:00Z,QQQ,134.66412581,-186,Market,Filled,-25047.52740066,"ORB EOD Flatten" 
2017-06-05T14:45:00Z,QQQ,135.021225376,185,Market,Filled,24978.92669456,"ORB Long qty=185" 
2017-06-05T19:50:00Z,QQQ,134.795688808,-185,Market,Filled,-24937.20242948,"ORB EOD Flatten" 
2017-06-09T14:20:00Z,QQQ,135.218569873,185,Market,Filled,25015.435426505,"ORB Long qty=185" 
2017-06-09T15:25:00Z,QQQ,134.541960169,-185,Market,Filled,-24890.262631265,"ORB Long ORB Trail Stop" 
2017-06-20T14:50:00Z,QQQ,132.355275402,189,Market,Filled,25015.147050978,"ORB Long qty=189" 
2017-06-20T15:30:00Z,QQQ,131.799319169,-189,Market,Filled,-24910.071322941,"ORB Long ORB Trail Stop" 
2017-06-22T16:50:00Z,QQQ,132.882962674,188,Market,Filled,24981.996982712,"ORB Long qty=188" 
2017-06-22T19:50:00Z,QQQ,132.637965012,-188,Market,Filled,-24935.937422256,"ORB EOD Flatten" 
2017-07-10T15:00:00Z,QQQ,130.367025145,191,Market,Filled,24900.101802695,"ORB Long qty=191" 
2017-07-10T19:50:00Z,QQQ,130.79105956,-191,Market,Filled,-24981.09237596,"ORB EOD Flatten" 
2017-07-11T13:55:00Z,QQQ,130.630868781,191,Market,Filled,24950.495937171,"ORB Long qty=191" 
2017-07-11T15:20:00Z,QQQ,130.659137742,-191,Market,Filled,-24955.895308722,"ORB Long Profit Lock Stop" 
2017-07-18T14:15:00Z,QQQ,134.079682023,186,Market,Filled,24938.820856278,"ORB Long qty=186" 
2017-07-18T19:50:00Z,QQQ,134.729868126,-186,Market,Filled,-25059.755471436,"ORB EOD Flatten" 
2017-07-19T15:55:00Z,QQQ,135.643897865,184,Market,Filled,24958.47720716,"ORB Long qty=184" 
2017-07-19T19:50:00Z,QQQ,135.643897865,-184,Market,Filled,-24958.47720716,"ORB EOD Flatten" 
2017-07-21T16:10:00Z,QQQ,135.625051891,184,Market,Filled,24955.009547944,"ORB Long qty=184" 
2017-07-21T19:50:00Z,QQQ,135.672166826,-184,Market,Filled,-24963.678695984,"ORB EOD Flatten" 
2017-07-25T14:00:00Z,QQQ,136.115047215,183,Market,Filled,24909.053640345,"ORB Long qty=183" 
2017-07-25T19:50:00Z,QQQ,136.030240332,-183,Market,Filled,-24893.533980756,"ORB EOD Flatten" 
2017-08-07T14:10:00Z,QQQ,135.756973709,184,Market,Filled,24979.283162456,"ORB Long qty=184" 
2017-08-07T19:50:00Z,QQQ,136.124470202,-184,Market,Filled,-25046.902517168,"ORB EOD Flatten" 
2017-08-08T14:40:00Z,QQQ,136.171585137,183,Market,Filled,24919.400080071,"ORB Long qty=183" 
2017-08-08T19:25:00Z,QQQ,136.265815007,-183,Market,Filled,-24936.644146281,"ORB Long ORB Trail Stop" 
2017-08-16T14:50:00Z,QQQ,136.190431111,183,Market,Filled,24922.848893313,"ORB Long qty=183" 
2017-08-16T18:25:00Z,QQQ,135.577936956,-183,Market,Filled,-24810.762462948,"ORB Long ORB Trail Stop" 
2017-08-23T15:25:00Z,QQQ,134.626215269,185,Market,Filled,24905.849824765,"ORB Long qty=185" 
2017-08-23T19:50:00Z,QQQ,134.616792282,-185,Market,Filled,-24904.10657217,"ORB EOD Flatten" 
2017-08-30T14:00:00Z,QQQ,135.380054229,184,Market,Filled,24909.929978136,"ORB Long qty=184" 
2017-08-30T19:50:00Z,QQQ,136.181008124,-184,Market,Filled,-25057.305494816,"ORB EOD Flatten" 
2017-08-31T14:20:00Z,QQQ,137.189267733,182,Market,Filled,24968.446727406,"ORB Long qty=182" 
2017-08-31T19:50:00Z,QQQ,137.660417083,-182,Market,Filled,-25054.195909106,"ORB EOD Flatten" 
2017-09-13T14:00:00Z,QQQ,137.754646953,182,Market,Filled,25071.345745446,"ORB Long qty=182" 
2017-09-13T19:50:00Z,QQQ,137.688686044,-182,Market,Filled,-25059.340860008,"ORB EOD Flatten" 
2017-09-14T15:05:00Z,QQQ,137.660417083,182,Market,Filled,25054.195909106,"ORB Long qty=182" 
2017-09-14T19:50:00Z,QQQ,137.132729811,-182,Market,Filled,-24958.156825602,"ORB EOD Flatten" 
2017-09-28T14:30:00Z,QQQ,136.36610384,183,Market,Filled,24954.99700272,"ORB Long qty=183" 
2017-09-28T19:50:00Z,QQQ,136.158343848,-183,Market,Filled,-24916.976924184,"ORB EOD Flatten" 
2017-10-04T15:30:00Z,QQQ,137.914860144,181,Market,Filled,24962.589686064,"ORB Long qty=181" 
2017-10-04T19:50:00Z,QQQ,137.858198328,-181,Market,Filled,-24952.333897368,"ORB EOD Flatten" 
2017-10-05T16:25:00Z,QQQ,138.91588556,180,Market,Filled,25004.8594008,"ORB Long qty=180" 
2017-10-05T19:50:00Z,QQQ,139.24641282,-180,Market,Filled,-25064.3543076,"ORB EOD Flatten" 
2017-10-11T14:15:00Z,QQQ,139.491947356,179,Market,Filled,24969.058576724,"ORB Long qty=179" 
2017-10-11T19:50:00Z,QQQ,139.71859462,-179,Market,Filled,-25009.62843698,"ORB EOD Flatten" 
2017-10-12T14:20:00Z,QQQ,139.81303098,179,Market,Filled,25026.53254542,"ORB Long qty=179" 
2017-10-12T19:50:00Z,QQQ,139.501390992,-179,Market,Filled,-24970.748987568,"ORB EOD Flatten" 
2017-10-17T15:10:00Z,QQQ,140.596852768,178,Market,Filled,25026.239792704,"ORB Long qty=178" 
2017-10-17T19:50:00Z,QQQ,140.691289128,-178,Market,Filled,-25043.049464784,"ORB EOD Flatten" 
2017-10-30T13:55:00Z,QQQ,143.335507208,174,Market,Filled,24940.378254192,"ORB Long qty=174" 
2017-10-30T16:20:00Z,QQQ,142.608347236,-174,Market,Filled,-24813.852419064,"ORB Long ORB Trail Stop" 
2017-11-06T15:25:00Z,QQQ,145.167572592,172,Market,Filled,24968.822485824,"ORB Long qty=172" 
2017-11-06T20:50:00Z,QQQ,145.252565316,-172,Market,Filled,-24983.441234352,"ORB EOD Flatten" 
2017-11-24T15:35:00Z,QQQ,147.349052508,169,Market,Filled,24901.989873852,"ORB Long qty=169" 
2017-11-24T17:50:00Z,QQQ,147.537925228,-169,Market,Filled,-24933.909363532,"ORB EOD Flatten" 
2017-12-11T16:25:00Z,QQQ,146.70688526,170,Market,Filled,24940.1704942,"ORB Long qty=170" 
2017-12-11T20:50:00Z,QQQ,147.103517972,-170,Market,Filled,-25007.59805524,"ORB EOD Flatten" 
2017-12-12T16:10:00Z,QQQ,147.311277964,170,Market,Filled,25042.91725388,"ORB Long qty=170" 
2017-12-12T20:50:00Z,QQQ,147.018525248,-170,Market,Filled,-24993.14929216,"ORB EOD Flatten" 
2017-12-14T15:30:00Z,QQQ,147.7929034,169,Market,Filled,24977.0006746,"ORB Long qty=169" 
2017-12-14T18:15:00Z,QQQ,147.377383416,-169,Market,Filled,-24906.777797304,"ORB Long ORB Trail Stop" 
2017-12-18T15:30:00Z,QQQ,150.05182896,166,Market,Filled,24908.60360736,"ORB Long qty=166" 
2017-12-18T20:50:00Z,QQQ,150.08021919,-166,Market,Filled,-24913.31638554,"ORB EOD Flatten" 
2018-01-03T14:55:00Z,QQQ,150.77104812,165,Market,Filled,24877.2229398,"ORB Long qty=165" 
2018-01-03T20:50:00Z,QQQ,151.44295023,-165,Market,Filled,-24988.08678795,"ORB EOD Flatten" 
2018-01-05T15:40:00Z,QQQ,152.60694966,164,Market,Filled,25027.53974424,"ORB Long qty=164" 
2018-01-05T20:50:00Z,QQQ,153.16529085,-164,Market,Filled,-25119.1076994,"ORB EOD Flatten" 
2018-01-08T15:30:00Z,QQQ,153.63846135,163,Market,Filled,25043.06920005,"ORB Long qty=163" 
2018-01-08T20:50:00Z,QQQ,153.80880273,-163,Market,Filled,-25070.83484499,"ORB EOD Flatten" 
2018-01-12T15:10:00Z,QQQ,154.83085101,161,Market,Filled,24927.76701261,"ORB Long qty=161" 
2018-01-12T20:50:00Z,QQQ,155.68255791,-161,Market,Filled,-25064.89182351,"ORB EOD Flatten" 
2018-01-22T14:55:00Z,QQQ,157.62255696,159,Market,Filled,25061.98655664,"ORB Long qty=159" 
2018-01-22T20:50:00Z,QQQ,158.93797095,-159,Market,Filled,-25271.13738105,"ORB EOD Flatten" 
2018-01-23T15:20:00Z,QQQ,160.15875084,157,Market,Filled,25144.92388188,"ORB Long qty=157" 
2018-01-23T20:50:00Z,QQQ,160.54675065,-157,Market,Filled,-25205.83985205,"ORB EOD Flatten" 
2018-01-24T15:15:00Z,QQQ,160.9726041,156,Market,Filled,25111.7262396,"ORB Long qty=156" 
2018-01-24T16:15:00Z,QQQ,159.88431195,-156,Market,Filled,-24941.9526642,"ORB Long ORB Trail Stop" 
2018-02-27T15:25:00Z,QQQ,161.51201847,155,Market,Filled,25034.36286285,"ORB Long qty=155" 
2018-02-27T15:45:00Z,QQQ,160.87797,-155,Market,Filled,-24936.08535,"ORB Long ORB Trail Stop" 
2018-03-06T15:00:00Z,QQQ,159.79914126,157,Market,Filled,25088.46517782,"ORB Long qty=157" 
2018-03-06T16:00:00Z,QQQ,158.94743436,-157,Market,Filled,-24954.74719452,"ORB Long ORB Trail Stop" 
2018-03-07T15:35:00Z,QQQ,159.25026348,157,Market,Filled,25002.29136636,"ORB Long qty=157" 
2018-03-07T20:50:00Z,QQQ,159.87484854,-157,Market,Filled,-25100.35122078,"ORB EOD Flatten" 
2018-03-09T15:10:00Z,QQQ,162.17445717,154,Market,Filled,24974.86640418,"ORB Long qty=154" 
2018-03-09T18:50:00Z,QQQ,163.22489568,-154,Market,Filled,-25136.63393472,"ORB Long TP" 
2018-03-12T16:05:00Z,QQQ,164.89991925,152,Market,Filled,25064.787726,"ORB Long qty=152" 
2018-03-12T19:50:00Z,QQQ,165.03240699,-152,Market,Filled,-25084.92586248,"ORB EOD Flatten" 
2018-04-04T16:05:00Z,QQQ,148.939410194,168,Market,Filled,25021.820912592,"ORB Long qty=168" 
2018-04-04T19:50:00Z,QQQ,151.42283955,-168,Market,Filled,-25439.0370444,"ORB EOD Flatten" 
2018-04-06T13:55:00Z,QQQ,152.03895752,166,Market,Filled,25238.46694832,"ORB Long qty=166" 
2018-04-06T15:05:00Z,QQQ,150.294869728,-166,Market,Filled,-24948.948374848,"ORB Long ORB Trail Stop" 
2018-04-11T14:25:00Z,QQQ,152.65507549,164,Market,Filled,25035.43238036,"ORB Long qty=164" 
2018-04-11T19:25:00Z,QQQ,151.925212664,-164,Market,Filled,-24915.734876896,"ORB Long ORB Trail Stop" 
2018-04-17T14:05:00Z,QQQ,156.11481486,161,Market,Filled,25134.48519246,"ORB Long qty=161" 
2018-04-17T19:50:00Z,QQQ,157.640891678,-161,Market,Filled,-25380.183560158,"ORB EOD Flatten" 
2018-04-18T15:05:00Z,QQQ,157.8209877,159,Market,Filled,25093.5370443,"ORB Long qty=159" 
2018-04-18T19:50:00Z,QQQ,157.792551486,-159,Market,Filled,-25089.015686274,"ORB EOD Flatten" 
2018-04-30T13:55:00Z,QQQ,154.607695518,162,Market,Filled,25046.446673916,"ORB Long qty=162" 
2018-04-30T15:40:00Z,QQQ,153.489204434,-162,Market,Filled,-24865.251118308,"ORB Long ORB Trail Stop" 
2018-05-02T14:15:00Z,QQQ,154.69300416,162,Market,Filled,25060.26667392,"ORB Long qty=162" 
2018-05-02T15:45:00Z,QQQ,153.669300456,-162,Market,Filled,-24894.426673872,"ORB Long ORB Trail Stop" 
2018-05-07T15:25:00Z,QQQ,158.001083722,158,Market,Filled,24964.171228076,"ORB Long qty=158" 
2018-05-07T19:50:00Z,QQQ,157.479753132,-158,Market,Filled,-24881.800994856,"ORB EOD Flatten" 
2018-05-10T14:30:00Z,QQQ,160.04849113,156,Market,Filled,24967.56461628,"ORB Long qty=156" 
2018-05-10T19:50:00Z,QQQ,160.683566576,-156,Market,Filled,-25066.636385856,"ORB EOD Flatten" 
2018-05-11T14:45:00Z,QQQ,160.787832694,156,Market,Filled,25082.901900264,"ORB Long qty=156" 
2018-05-11T16:30:00Z,QQQ,160.09588482,-156,Market,Filled,-24974.95803192,"ORB Long ORB Trail Stop" 
2018-05-29T13:55:00Z,QQQ,160.636172886,156,Market,Filled,25059.242970216,"ORB Long qty=156" 
2018-05-29T16:00:00Z,QQQ,159.735692776,-156,Market,Filled,-24918.768073056,"ORB Long ORB Trail Stop" 
2018-06-04T16:15:00Z,QQQ,164.825775082,151,Market,Filled,24888.692037382,"ORB Long qty=151" 
2018-06-04T19:50:00Z,QQQ,165.081701008,-151,Market,Filled,-24927.336852208,"ORB EOD Flatten" 
2018-06-05T14:00:00Z,QQQ,165.773648882,151,Market,Filled,25031.820981182,"ORB Long qty=151" 
2018-06-05T15:10:00Z,QQQ,165.299711982,-151,Market,Filled,-24960.256509282,"ORB Long ORB Trail Stop" 
2018-07-06T14:00:00Z,QQQ,165.205547088,151,Market,Filled,24946.037610288,"ORB Long qty=151" 
2018-07-06T19:50:00Z,QQQ,166.459407036,-151,Market,Filled,-25135.370462436,"ORB EOD Flatten" 
2018-07-11T14:05:00Z,QQQ,167.931742581,149,Market,Filled,25021.829644569,"ORB Long qty=149" 
2018-07-11T19:50:00Z,QQQ,167.827254252,-149,Market,Filled,-25006.260883548,"ORB EOD Flatten" 
2018-07-13T14:40:00Z,QQQ,170.752927464,146,Market,Filled,24929.927409744,"ORB Long qty=146" 
2018-07-13T19:50:00Z,QQQ,170.60094444,-146,Market,Filled,-24907.73788824,"ORB EOD Flatten" 
2018-07-25T15:30:00Z,QQQ,171.902299083,145,Market,Filled,24925.833367035,"ORB Long qty=145" 
2018-07-25T19:50:00Z,QQQ,173.498120835,-145,Market,Filled,-25157.227521075,"ORB EOD Flatten" 
2018-08-08T14:45:00Z,QQQ,172.709708898,145,Market,Filled,25042.90779021,"ORB Long qty=145" 
2018-08-08T19:50:00Z,QQQ,173.004176007,-145,Market,Filled,-25085.605521015,"ORB EOD Flatten" 
2018-08-09T14:25:00Z,QQQ,173.241649482,145,Market,Filled,25120.03917489,"ORB Long qty=145" 
2018-08-09T19:50:00Z,QQQ,172.719207837,-145,Market,Filled,-25044.285136365,"ORB EOD Flatten" 
2018-08-22T15:05:00Z,QQQ,171.902299083,146,Market,Filled,25097.735666118,"ORB Long qty=146" 
2018-08-22T19:50:00Z,QQQ,172.082778924,-146,Market,Filled,-25124.085722904,"ORB EOD Flatten" 
2018-08-23T13:55:00Z,QQQ,172.738205715,145,Market,Filled,25047.039828675,"ORB Long qty=145" 
2018-08-23T15:20:00Z,QQQ,171.655326669,-145,Market,Filled,-24890.022367005,"ORB Long ORB Trail Stop" 
2018-08-27T14:05:00Z,QQQ,174.552503064,143,Market,Filled,24961.007938152,"ORB Long qty=143" 
2018-08-27T19:50:00Z,QQQ,174.979955319,-143,Market,Filled,-25022.133610617,"ORB EOD Flatten" 
2018-08-29T14:25:00Z,QQQ,176.262312084,142,Market,Filled,25029.248315928,"ORB Long qty=142" 
2018-08-29T19:50:00Z,QQQ,177.392685825,-142,Market,Filled,-25189.76138715,"ORB EOD Flatten" 
2018-08-30T14:20:00Z,QQQ,177.402184764,141,Market,Filled,25013.708051724,"ORB Long qty=141" 
2018-08-30T18:20:00Z,QQQ,177.278698557,-141,Market,Filled,-24996.296496537,"ORB Long Profit Lock Stop" 
2018-09-25T16:05:00Z,QQQ,175.2375083,143,Market,Filled,25058.9636869,"ORB Long qty=143" 
2018-09-25T19:50:00Z,QQQ,175.25654034,-143,Market,Filled,-25061.68526862,"ORB EOD Flatten" 
2018-09-27T14:05:00Z,QQQ,177.05506812,141,Market,Filled,24964.76460492,"ORB Long qty=141" 
2018-09-27T19:50:00Z,QQQ,176.77910354,-141,Market,Filled,-24925.85359914,"ORB EOD Flatten" 
2018-09-28T14:55:00Z,QQQ,176.88377976,142,Market,Filled,25117.49672592,"ORB Long qty=142" 
2018-09-28T19:50:00Z,QQQ,176.6649113,-142,Market,Filled,-25086.4174046,"ORB EOD Flatten" 
2018-10-02T14:00:00Z,QQQ,177.36909678,141,Market,Filled,25009.04264598,"ORB Long qty=141" 
2018-10-02T19:50:00Z,QQQ,176.8552317,-141,Market,Filled,-24936.5876697,"ORB EOD Flatten" 
2018-11-01T15:15:00Z,QQQ,162.56216966,154,Market,Filled,25034.57412764,"ORB Long qty=154" 
2018-11-01T19:50:00Z,QQQ,163.73264012,-154,Market,Filled,-25214.82657848,"ORB EOD Flatten" 
2018-11-08T15:00:00Z,QQQ,166.64454224,150,Market,Filled,24996.681336,"ORB Long qty=150" 
2018-11-08T18:30:00Z,QQQ,165.65487616,-150,Market,Filled,-24848.231424,"ORB Long ORB Trail Stop" 
2018-11-16T14:55:00Z,QQQ,159.2505947,157,Market,Filled,25002.3433679,"ORB Long qty=157" 
2018-11-16T20:50:00Z,QQQ,159.70736366,-157,Market,Filled,-25074.05609462,"ORB EOD Flatten" 
2018-11-27T15:10:00Z,QQQ,154.9208056,162,Market,Filled,25097.1705072,"ORB Long qty=162" 
2018-11-27T20:50:00Z,QQQ,155.4917668,-162,Market,Filled,-25189.6662216,"ORB EOD Flatten" 
2019-01-02T15:00:00Z,QQQ,145.30506772,173,Market,Filled,25137.77671556,"ORB Long qty=173" 
2019-01-02T20:50:00Z,QQQ,147.18508206,-173,Market,Filled,-25463.01919638,"ORB EOD Flatten" 
2019-01-07T15:35:00Z,QQQ,150.23891246,167,Market,Filled,25089.89838082,"ORB Long qty=167" 
2019-01-07T20:50:00Z,QQQ,151.0691726,-167,Market,Filled,-25228.5518242,"ORB EOD Flatten" 
2019-01-09T14:55:00Z,QQQ,153.35000218,164,Market,Filled,25149.40035752,"ORB Long qty=164" 
2019-01-09T15:45:00Z,QQQ,152.37659374,-164,Market,Filled,-24989.76137336,"ORB Long ORB Trail Stop" 
2019-01-10T16:05:00Z,QQQ,153.09233524,164,Market,Filled,25107.14297936,"ORB Long qty=164" 
2019-01-10T20:50:00Z,QQQ,153.86533606,-164,Market,Filled,-25233.91511384,"ORB EOD Flatten" 
2019-01-11T15:10:00Z,QQQ,153.24502676,164,Market,Filled,25132.18438864,"ORB Long qty=164" 
2019-01-11T15:30:00Z,QQQ,152.56745814,-164,Market,Filled,-25021.06313496,"ORB Long ORB Trail Stop" 
2019-01-18T15:50:00Z,QQQ,157.54901898,160,Market,Filled,25207.8430368,"ORB Long qty=160" 
2019-01-18T20:50:00Z,QQQ,157.35815458,-160,Market,Filled,-25177.3047328,"ORB EOD Flatten" 
2019-01-31T14:55:00Z,QQQ,159.67715704,157,Market,Filled,25069.31365528,"ORB Long qty=157" 
2019-01-31T20:50:00Z,QQQ,160.24020702,-157,Market,Filled,-25157.71250214,"ORB EOD Flatten" 
2019-02-01T15:15:00Z,QQQ,160.64102226,157,Market,Filled,25220.64049482,"ORB Long qty=157" 
2019-02-01T19:20:00Z,QQQ,159.45766298,-157,Market,Filled,-25034.85308786,"ORB Long ORB Trail Stop" 
2019-02-14T15:00:00Z,QQQ,162.92185184,154,Market,Filled,25089.96518336,"ORB Long qty=154" 
2019-02-14T20:50:00Z,QQQ,163.54216114,-154,Market,Filled,-25185.49281556,"ORB EOD Flatten" 
2019-02-19T15:05:00Z,QQQ,164.37242128,153,Market,Filled,25148.98045584,"ORB Long qty=153" 
2019-02-19T20:50:00Z,QQQ,164.48693992,-153,Market,Filled,-25166.50180776,"ORB EOD Flatten" 
2019-02-20T15:30:00Z,QQQ,164.99273058,152,Market,Filled,25078.89504816,"ORB Long qty=152" 
2019-02-20T17:25:00Z,QQQ,164.3819645,-152,Market,Filled,-24986.058604,"ORB Long ORB Trail Stop" 
2019-02-26T15:05:00Z,QQQ,165.85162038,151,Market,Filled,25043.59467738,"ORB Long qty=151" 
2019-02-26T20:50:00Z,QQQ,165.88979326,-151,Market,Filled,-25049.35878226,"ORB EOD Flatten" 
2019-03-05T16:35:00Z,QQQ,166.70096696,151,Market,Filled,25171.84601096,"ORB Long qty=151" 
2019-03-05T20:50:00Z,QQQ,167.07315254,-151,Market,Filled,-25228.04603354,"ORB EOD Flatten" 
2019-03-12T14:35:00Z,QQQ,167.6266593,150,Market,Filled,25143.998895,"ORB Long qty=150" 
2019-03-12T19:50:00Z,QQQ,167.70300506,-150,Market,Filled,-25155.450759,"ORB EOD Flatten" 
2019-03-18T14:00:00Z,QQQ,170.886146526,147,Market,Filled,25120.263539322,"ORB Long qty=147" 
2019-03-18T15:35:00Z,QQQ,169.997010819,-147,Market,Filled,-24989.560590393,"ORB Long ORB Trail Stop" 
2019-03-19T15:50:00Z,QQQ,171.689236842,146,Market,Filled,25066.628578932,"ORB Long qty=146" 
2019-03-19T19:25:00Z,QQQ,170.981752516,-146,Market,Filled,-24963.335867336,"ORB Long ORB Trail Stop" 
2019-03-20T14:50:00Z,QQQ,171.306812882,146,Market,Filled,25010.794680772,"ORB Long qty=146" 
2019-03-20T16:00:00Z,QQQ,170.637570952,-146,Market,Filled,-24913.085358992,"ORB Long ORB Trail Stop" 
2019-03-21T14:10:00Z,QQQ,172.654857341,145,Market,Filled,25034.954314445,"ORB Long qty=145" 
2019-03-21T19:50:00Z,QQQ,174.57653774,-145,Market,Filled,-25313.5979723,"ORB EOD Flatten" 
2019-04-02T14:30:00Z,QQQ,174.461810552,144,Market,Filled,25122.500719488,"ORB Long qty=144" 
2019-04-02T19:50:00Z,QQQ,174.815552715,-144,Market,Filled,-25173.43959096,"ORB EOD Flatten" 
2019-04-03T14:25:00Z,QQQ,175.943703397,143,Market,Filled,25159.949585771,"ORB Long qty=143" 
2019-04-03T17:50:00Z,QQQ,175.962824595,-143,Market,Filled,-25162.683917085,"ORB Long Profit Lock Stop" 
2019-04-08T15:20:00Z,QQQ,176.383490951,142,Market,Filled,25046.455715042,"ORB Long qty=142" 
2019-04-08T19:50:00Z,QQQ,177.024051084,-142,Market,Filled,-25137.415253928,"ORB EOD Flatten" 
2019-04-09T14:25:00Z,QQQ,176.804157307,142,Market,Filled,25106.190337594,"ORB Long qty=142" 
2019-04-09T19:50:00Z,QQQ,176.459975743,-142,Market,Filled,-25057.316555506,"ORB EOD Flatten" 
2019-04-16T14:05:00Z,QQQ,178.525065127,141,Market,Filled,25172.034182907,"ORB Long qty=141" 
2019-04-16T19:35:00Z,QQQ,177.941868588,-141,Market,Filled,-25089.803470908,"ORB Long ORB Trail Stop" 
2019-04-22T14:00:00Z,QQQ,178.869246691,140,Market,Filled,25041.69453674,"ORB Long qty=140" 
2019-04-22T19:50:00Z,QQQ,179.662776408,-140,Market,Filled,-25152.78869712,"ORB EOD Flatten" 
2019-04-23T14:05:00Z,QQQ,181.068184461,139,Market,Filled,25168.477640079,"ORB Long qty=139" 
2019-04-23T19:50:00Z,QQQ,181.699183995,-139,Market,Filled,-25256.186575305,"ORB EOD Flatten" 
2019-04-29T14:50:00Z,QQQ,182.693486291,138,Market,Filled,25211.701108158,"ORB Long qty=138" 
2019-04-29T19:50:00Z,QQQ,182.6074409,-138,Market,Filled,-25199.8268442,"ORB EOD Flatten" 
2019-05-06T14:00:00Z,QQQ,180.293775942,140,Market,Filled,25241.12863188,"ORB Long qty=140" 
2019-05-06T19:50:00Z,QQQ,181.670502198,-140,Market,Filled,-25433.87030772,"ORB EOD Flatten" 
2019-06-06T15:35:00Z,QQQ,169.098314513,149,Market,Filled,25195.648862437,"ORB Long qty=149" 
2019-06-06T19:50:00Z,QQQ,169.920526027,-149,Market,Filled,-25318.158378023,"ORB EOD Flatten" 
2019-06-07T14:00:00Z,QQQ,171.928251817,147,Market,Filled,25273.453017099,"ORB Long qty=147" 
2019-06-07T19:50:00Z,QQQ,173.104205494,-147,Market,Filled,-25446.318207618,"ORB EOD Flatten" 
2019-06-10T14:10:00Z,QQQ,175.561279437,144,Market,Filled,25280.824238928,"ORB Long qty=144" 
2019-06-10T19:50:00Z,QQQ,175.121491883,-144,Market,Filled,-25217.494831152,"ORB EOD Flatten" 
2019-06-18T14:40:00Z,QQQ,179.270791849,141,Market,Filled,25277.181650709,"ORB Long qty=141" 
2019-06-18T19:50:00Z,QQQ,178.314731949,-141,Market,Filled,-25142.377204809,"ORB EOD Flatten" 
2019-06-21T14:05:00Z,QQQ,180.446745526,140,Market,Filled,25262.54437364,"ORB Long qty=140" 
2019-06-21T15:55:00Z,QQQ,180.475427323,-140,Market,Filled,-25266.55982522,"ORB Long Profit Lock Stop" 
2019-07-02T14:35:00Z,QQQ,181.5735182,139,Market,Filled,25238.7190298,"ORB Long qty=139" 
2019-07-02T16:35:00Z,QQQ,180.8548895,-139,Market,Filled,-25138.8296405,"ORB Long ORB Trail Stop" 
2019-07-03T14:20:00Z,QQQ,182.799977848,138,Market,Filled,25226.396943024,"ORB Long qty=138" 
2019-07-03T16:50:00Z,QQQ,183.259900216,-138,Market,Filled,-25289.866229808,"ORB EOD Flatten" 
2019-07-05T16:40:00Z,QQQ,182.617925244,138,Market,Filled,25201.273683672,"ORB Long qty=138" 
2019-07-05T19:50:00Z,QQQ,183.049102464,-138,Market,Filled,-25260.776140032,"ORB EOD Flatten" 
2019-07-11T15:25:00Z,QQQ,185.11875312,136,Market,Filled,25176.15042432,"ORB Long qty=136" 
2019-07-11T17:30:00Z,QQQ,184.476778148,-136,Market,Filled,-25088.841828128,"ORB Long ORB Trail Stop" 
2019-07-24T14:30:00Z,QQQ,185.856545252,136,Market,Filled,25276.490154272,"ORB Long qty=136" 
2019-07-24T19:50:00Z,QQQ,186.89137058,-136,Market,Filled,-25417.22639888,"ORB EOD Flatten" 
2019-09-05T14:05:00Z,QQQ,183.53776998,138,Market,Filled,25328.21225724,"ORB Long qty=138" 
2019-09-05T19:50:00Z,QQQ,183.691077436,-138,Market,Filled,-25349.368686168,"ORB EOD Flatten" 
2019-09-12T14:20:00Z,QQQ,186.22065046,136,Market,Filled,25326.00846256,"ORB Long qty=136" 
2019-09-12T19:50:00Z,QQQ,185.463694896,-136,Market,Filled,-25223.062505856,"ORB EOD Flatten" 
2019-09-13T13:55:00Z,QQQ,185.051681108,136,Market,Filled,25167.028630688,"ORB Long qty=136" 
2019-09-13T19:10:00Z,QQQ,184.342634124,-136,Market,Filled,-25070.598240864,"ORB Long ORB Trail Stop" 
2019-10-07T14:30:00Z,QQQ,181.26774848,139,Market,Filled,25196.21703872,"ORB Long qty=139" 
2019-10-07T19:50:00Z,QQQ,180.902908732,-139,Market,Filled,-25145.504313748,"ORB EOD Flatten" 
2019-10-11T14:30:00Z,QQQ,184.330482154,137,Market,Filled,25253.276055098,"ORB Long qty=137" 
2019-10-11T19:50:00Z,QQQ,183.917637176,-137,Market,Filled,-25196.716293112,"ORB EOD Flatten" 
2019-10-24T15:30:00Z,QQQ,186.135478802,135,Market,Filled,25128.28963827,"ORB Long qty=135" 
2019-10-24T19:50:00Z,QQQ,186.221888216,-135,Market,Filled,-25139.95490916,"ORB EOD Flatten" 
2019-10-25T13:55:00Z,QQQ,186.145079848,135,Market,Filled,25129.58577948,"ORB Long qty=135" 
2019-10-25T19:50:00Z,QQQ,187.60443884,-135,Market,Filled,-25326.5992434,"ORB EOD Flatten" 
2019-11-08T16:05:00Z,QQQ,192.769801588,131,Market,Filled,25252.844008028,"ORB Long qty=131" 
2019-11-08T20:50:00Z,QQQ,192.894615186,-131,Market,Filled,-25269.194589366,"ORB EOD Flatten" 
2019-11-11T16:05:00Z,QQQ,192.635386944,131,Market,Filled,25235.235689664,"ORB Long qty=131" 
2019-11-11T20:50:00Z,QQQ,192.78900368,-131,Market,Filled,-25255.35948208,"ORB EOD Flatten" 
2019-11-18T16:35:00Z,QQQ,194.66120765,130,Market,Filled,25305.9569945,"ORB Long qty=130" 
2019-11-18T20:50:00Z,QQQ,194.776420202,-130,Market,Filled,-25320.93462626,"ORB EOD Flatten" 
2019-11-20T15:35:00Z,QQQ,195.179664134,129,Market,Filled,25178.176673286,"ORB Long qty=129" 
2019-11-20T17:55:00Z,QQQ,194.555596144,-129,Market,Filled,-25097.671902576,"ORB Long ORB Trail Stop" 
2019-11-26T15:50:00Z,QQQ,196.408598022,128,Market,Filled,25140.300546816,"ORB Long qty=128" 
2019-11-26T20:50:00Z,QQQ,196.600618942,-128,Market,Filled,-25164.879224576,"ORB EOD Flatten" 
2019-11-27T15:15:00Z,QQQ,197.10947438,128,Market,Filled,25230.01272064,"ORB Long qty=128" 
2019-11-27T20:50:00Z,QQQ,197.704739232,-128,Market,Filled,-25306.206621696,"ORB EOD Flatten" 
2019-12-13T14:55:00Z,QQQ,198.684045924,127,Market,Filled,25232.873832348,"ORB Long qty=127" 
2019-12-13T20:50:00Z,QQQ,198.952875212,-127,Market,Filled,-25267.015151924,"ORB EOD Flatten" 
2019-12-18T16:20:00Z,QQQ,201.621966,125,Market,Filled,25202.74575,"ORB Long qty=125" 
2019-12-18T20:50:00Z,QQQ,201.410742988,-125,Market,Filled,-25176.3428735,"ORB EOD Flatten" 
2019-12-19T16:10:00Z,QQQ,201.804385874,125,Market,Filled,25225.54823425,"ORB Long qty=125" 
2019-12-19T20:50:00Z,QQQ,202.217230852,-125,Market,Filled,-25277.1538565,"ORB EOD Flatten" 
2019-12-26T15:25:00Z,QQQ,204.791370264,123,Market,Filled,25189.338542472,"ORB Long qty=123" 
2019-12-26T20:50:00Z,QQQ,205.339815486,-123,Market,Filled,-25256.797304778,"ORB EOD Flatten" 
2020-01-21T15:05:00Z,QQQ,214.90393041,117,Market,Filled,25143.75985797,"ORB Long qty=117" 
2020-01-21T20:50:00Z,QQQ,214.721115336,-117,Market,Filled,-25122.370494312,"ORB EOD Flatten" 
2020-01-23T15:30:00Z,QQQ,215.519728554,117,Market,Filled,25215.808240818,"ORB Long qty=117" 
2020-01-23T20:50:00Z,QQQ,216.087417468,-117,Market,Filled,-25282.227843756,"ORB EOD Flatten" 
2020-02-04T15:30:00Z,QQQ,217.395988524,116,Market,Filled,25217.934668784,"ORB Long qty=116" 
2020-02-04T20:50:00Z,QQQ,219.118298958,-116,Market,Filled,-25417.722679128,"ORB EOD Flatten" 
2020-02-06T15:00:00Z,QQQ,220.551954012,115,Market,Filled,25363.47471138,"ORB Long qty=115" 
2020-02-06T20:50:00Z,QQQ,221.090777388,-115,Market,Filled,-25425.43939962,"ORB EOD Flatten" 
2020-02-07T15:45:00Z,QQQ,221.042668158,115,Market,Filled,25419.90683817,"ORB Long qty=115" 
2020-02-07T20:50:00Z,QQQ,220.503844782,-115,Market,Filled,-25357.94214993,"ORB EOD Flatten" 
2020-02-11T15:15:00Z,QQQ,224.689347792,113,Market,Filled,25389.896300496,"ORB Long qty=113" 
2020-02-11T19:05:00Z,QQQ,223.496238888,-113,Market,Filled,-25255.074994344,"ORB Long ORB Trail Stop" 
2020-02-12T16:40:00Z,QQQ,225.170440092,112,Market,Filled,25219.089290304,"ORB Long qty=112" 
2020-02-12T20:50:00Z,QQQ,225.237793014,-112,Market,Filled,-25226.632817568,"ORB EOD Flatten" 
2020-02-13T14:55:00Z,QQQ,224.76632256,112,Market,Filled,25173.82812672,"ORB Long qty=112" 
2020-02-13T20:50:00Z,QQQ,225.10308717,-112,Market,Filled,-25211.54576304,"ORB EOD Flatten" 
2020-03-05T16:05:00Z,QQQ,206.609899158,122,Market,Filled,25206.407697276,"ORB Long qty=122" 
2020-03-05T17:45:00Z,QQQ,203.867673048,-122,Market,Filled,-24871.856111856,"ORB Long ORB Trail Stop" 
2020-03-18T13:55:00Z,QQQ,170.16234651,148,Market,Filled,25184.02728348,"ORB Long qty=148" 
2020-03-18T17:30:00Z,QQQ,163.677222306,-148,Market,Filled,-24224.228901288,"ORB Long ORB Trail Stop" 
2020-03-31T14:10:00Z,QQQ,185.58134218,135,Market,Filled,25053.4811943,"ORB Long qty=135" 
2020-03-31T16:25:00Z,QQQ,185.764570485,-135,Market,Filled,-25078.217015475,"ORB Long Profit Lock Stop" 
2020-04-14T13:55:00Z,QQQ,201.70543302,124,Market,Filled,25011.47369448,"ORB Long qty=124" 
2020-04-14T19:50:00Z,QQQ,204.67566028,-124,Market,Filled,-25379.78187472,"ORB EOD Flatten" 
2020-04-15T14:55:00Z,QQQ,201.715076615,124,Market,Filled,25012.66950026,"ORB Long qty=124" 
2020-04-15T19:50:00Z,QQQ,202.30333591,-124,Market,Filled,-25085.61365284,"ORB EOD Flatten" 
2020-04-20T14:30:00Z,QQQ,206.85511275,121,Market,Filled,25029.46864275,"ORB Long qty=121" 
2020-04-20T19:20:00Z,QQQ,205.4085735,-121,Market,Filled,-24854.4373935,"ORB Long ORB Trail Stop" 
2020-04-27T14:00:00Z,QQQ,208.658465015,120,Market,Filled,25039.0158018,"ORB Long qty=120" 
2020-04-27T15:00:00Z,QQQ,207.51087721,-120,Market,Filled,-24901.3052652,"ORB Long ORB Trail Stop" 
2020-05-08T14:20:00Z,QQQ,215.99724081,116,Market,Filled,25055.67993396,"ORB Long qty=116" 
2020-05-08T19:50:00Z,QQQ,216.65300527,-116,Market,Filled,-25131.74861132,"ORB EOD Flatten" 
2020-05-11T14:05:00Z,QQQ,217.395562085,115,Market,Filled,25000.489639775,"ORB Long qty=115" 
2020-05-11T19:50:00Z,QQQ,219.02532964,-115,Market,Filled,-25187.9129086,"ORB EOD Flatten" 
2020-05-18T14:35:00Z,QQQ,219.015686045,114,Market,Filled,24967.78820913,"ORB Long qty=114" 
2020-05-18T19:50:00Z,QQQ,220.20184823,-114,Market,Filled,-25103.01069822,"ORB EOD Flatten" 
2020-05-28T14:15:00Z,QQQ,222.86348045,113,Market,Filled,25183.57329085,"ORB Long qty=113" 
2020-05-28T19:50:00Z,QQQ,221.523020745,-113,Market,Filled,-25032.101344185,"ORB EOD Flatten" 
2020-06-09T14:25:00Z,QQQ,233.307493835,107,Market,Filled,24963.901840345,"ORB Long qty=107" 
2020-06-09T19:50:00Z,QQQ,234.754033085,-107,Market,Filled,-25118.681540095,"ORB EOD Flatten" 
2020-06-17T16:35:00Z,QQQ,236.17164155,106,Market,Filled,25034.1940043,"ORB Long qty=106" 
2020-06-17T19:25:00Z,QQQ,234.95654858,-106,Market,Filled,-24905.39414948,"ORB Long ORB Trail Stop" 
2020-06-18T15:00:00Z,QQQ,235.51587709,106,Market,Filled,24964.68297154,"ORB Long qty=106" 
2020-06-18T19:05:00Z,QQQ,234.18506098,-106,Market,Filled,-24823.61646388,"ORB Long ORB Trail Stop" 
2020-06-23T14:20:00Z,QQQ,240.562683152,104,Market,Filled,25018.519047808,"ORB Long qty=104" 
2020-06-23T19:30:00Z,QQQ,240.630305784,-104,Market,Filled,-25025.551801536,"ORB Long Profit Lock Stop" 
2020-07-01T14:30:00Z,QQQ,240.59166428,104,Market,Filled,25021.53308512,"ORB Long qty=104" 
2020-07-01T19:50:00Z,QQQ,242.900494144,-104,Market,Filled,-25261.651390976,"ORB EOD Flatten" 
2020-07-06T14:00:00Z,QQQ,247.894908536,101,Market,Filled,25037.385762136,"ORB Long qty=101" 
2020-07-06T15:45:00Z,QQQ,250.05883276,-101,Market,Filled,-25255.94210876,"ORB Long TP" 
2020-07-07T14:15:00Z,QQQ,250.937926976,100,Market,Filled,25093.7926976,"ORB Long qty=100" 
2020-07-07T19:10:00Z,QQQ,248.793323504,-100,Market,Filled,-24879.3323504,"ORB Long ORB Trail Stop" 
2020-07-30T16:05:00Z,QQQ,251.401625024,100,Market,Filled,25140.1625024,"ORB Long qty=100" 
2020-07-30T19:50:00Z,QQQ,252.03920984,-100,Market,Filled,-25203.920984,"ORB EOD Flatten" 
2020-08-03T16:00:00Z,QQQ,260.49203884,96,Market,Filled,25007.23572864,"ORB Long qty=96" 
2020-08-03T19:50:00Z,QQQ,260.665925608,-96,Market,Filled,-25023.928858368,"ORB EOD Flatten" 
2020-08-04T14:10:00Z,QQQ,261.16826516,96,Market,Filled,25072.15345536,"ORB Long qty=96" 
2020-08-04T18:35:00Z,QQQ,259.168567328,-96,Market,Filled,-24880.182463488,"ORB Long ORB Trail Stop" 
2020-08-05T13:55:00Z,QQQ,261.805849976,96,Market,Filled,25133.361597696,"ORB Long qty=96" 
2020-08-05T19:50:00Z,QQQ,261.177925536,-96,Market,Filled,-25073.080851456,"ORB EOD Flatten" 
2020-08-06T14:15:00Z,QQQ,262.356491408,95,Market,Filled,24923.86668376,"ORB Long qty=95" 
2020-08-06T19:20:00Z,QQQ,265.56373624,-95,Market,Filled,-25228.5549428,"ORB Long TP" 
2020-08-07T14:55:00Z,QQQ,265.496113608,94,Market,Filled,24956.634679152,"ORB Long qty=94" 
2020-08-07T15:30:00Z,QQQ,264.056717584,-94,Market,Filled,-24821.331452896,"ORB Long ORB Trail Stop" 
2020-08-13T14:35:00Z,QQQ,264.858528792,95,Market,Filled,25161.56023524,"ORB Long qty=95" 
2020-08-13T18:25:00Z,QQQ,262.684944192,-95,Market,Filled,-24955.06969824,"ORB Long ORB Trail Stop" 
2020-08-19T15:45:00Z,QQQ,269.128414984,93,Market,Filled,25028.942593512,"ORB Long qty=93" 
2020-08-19T18:30:00Z,QQQ,267.244641664,-93,Market,Filled,-24853.751674752,"ORB Long ORB Trail Stop" 
2020-08-21T14:30:00Z,QQQ,271.591810864,92,Market,Filled,24986.446599488,"ORB Long qty=92" 
2020-08-21T19:50:00Z,QQQ,272.007207032,-92,Market,Filled,-25024.663046944,"ORB EOD Flatten" 
2020-08-25T14:20:00Z,QQQ,274.296716144,91,Market,Filled,24961.001169104,"ORB Long qty=91" 
2020-08-25T19:50:00Z,QQQ,275.890678184,-91,Market,Filled,-25106.051714744,"ORB EOD Flatten" 
2020-08-26T14:30:00Z,QQQ,278.238149552,90,Market,Filled,25041.43345968,"ORB Long qty=90" 
2020-08-26T16:15:00Z,QQQ,281.039658592,-90,Market,Filled,-25293.56927328,"ORB Long TP" 
2020-08-27T15:05:00Z,QQQ,283.43543184,88,Market,Filled,24942.31800192,"ORB Long qty=88" 
2020-08-27T16:50:00Z,QQQ,280.286149264,-88,Market,Filled,-24665.181135232,"ORB Long ORB Trail Stop" 
2020-08-31T14:20:00Z,QQQ,284.11165816,88,Market,Filled,25001.82591808,"ORB Long qty=88" 
2020-08-31T19:50:00Z,QQQ,286.57505404,-88,Market,Filled,-25218.60475552,"ORB EOD Flatten" 
2020-09-01T14:05:00Z,QQQ,288.21731796,87,Market,Filled,25074.90666252,"ORB Long qty=87" 
2020-09-01T19:50:00Z,QQQ,289.028789544,-87,Market,Filled,-25145.504690328,"ORB EOD Flatten" 
2020-10-06T14:10:00Z,QQQ,271.08776345,92,Market,Filled,24940.0742374,"ORB Long qty=92" 
2020-10-06T15:20:00Z,QQQ,269.36571135,-92,Market,Filled,-24781.6454442,"ORB Long ORB Trail Stop" 
2020-10-09T14:05:00Z,QQQ,274.7930778,91,Market,Filled,25006.1700798,"ORB Long qty=91" 
2020-10-09T19:50:00Z,QQQ,275.8959651,-91,Market,Filled,-25106.5328241,"ORB EOD Flatten" 
2020-10-12T14:55:00Z,QQQ,282.0876131,89,Market,Filled,25105.7975659,"ORB Long qty=89" 
2020-10-12T18:30:00Z,QQQ,287.6794452,-89,Market,Filled,-25603.4706228,"ORB Long TP" 
2020-10-13T15:25:00Z,QQQ,287.0409315,88,Market,Filled,25259.601972,"ORB Long qty=88" 
2020-10-13T19:50:00Z,QQQ,285.4736706,-88,Market,Filled,-25121.6830128,"ORB EOD Flatten" 
2020-10-26T13:55:00Z,QQQ,275.3928937,91,Market,Filled,25060.7533267,"ORB Long qty=91" 
2020-10-26T14:55:00Z,QQQ,272.73241995,-91,Market,Filled,-24818.65021545,"ORB Long ORB Trail Stop" 
2020-11-05T14:55:00Z,QQQ,285.01897145,88,Market,Filled,25081.6694876,"ORB Long qty=88" 
2020-11-05T20:50:00Z,QQQ,284.1385965,-88,Market,Filled,-25004.196492,"ORB EOD Flatten" 
2020-11-16T15:25:00Z,QQQ,283.0163603,89,Market,Filled,25188.4560667,"ORB Long qty=89" 
2020-11-16T20:50:00Z,QQQ,282.71645235,-89,Market,Filled,-25161.76425915,"ORB EOD Flatten" 
2020-11-24T16:05:00Z,QQQ,283.20017485,88,Market,Filled,24921.6153868,"ORB Long qty=88" 
2020-11-24T20:50:00Z,QQQ,284.8351569,-88,Market,Filled,-25065.4938072,"ORB EOD Flatten" 
2020-11-27T15:15:00Z,QQQ,289.3627995,87,Market,Filled,25174.5635565,"ORB Long qty=87" 
2020-11-27T17:50:00Z,QQQ,288.92744925,-87,Market,Filled,-25136.68808475,"ORB EOD Flatten" 
2020-12-01T15:05:00Z,QQQ,292.89397375,86,Market,Filled,25188.8817425,"ORB Long qty=86" 
2020-12-01T20:20:00Z,QQQ,293.08746275,-86,Market,Filled,-25205.5217965,"ORB Long Profit Lock Stop" 
2020-12-02T15:20:00Z,QQQ,292.9229971,86,Market,Filled,25191.3777506,"ORB Long qty=86" 
2020-12-02T20:50:00Z,QQQ,293.7743487,-86,Market,Filled,-25264.5939882,"ORB EOD Flatten" 
2020-12-03T15:05:00Z,QQQ,295.1868184,85,Market,Filled,25090.879564,"ORB Long qty=85" 
2020-12-03T16:10:00Z,QQQ,294.09360555,-85,Market,Filled,-24997.95647175,"ORB Long ORB Trail Stop" 
2020-12-04T15:00:00Z,QQQ,295.11909725,85,Market,Filled,25085.12326625,"ORB Long qty=85" 
2020-12-04T20:50:00Z,QQQ,295.1868184,-85,Market,Filled,-25090.879564,"ORB EOD Flatten" 
2020-12-07T15:05:00Z,QQQ,297.09268505,84,Market,Filled,24955.7855442,"ORB Long qty=84" 
2020-12-07T20:50:00Z,QQQ,296.31872905,-84,Market,Filled,-24890.7732402,"ORB EOD Flatten" 
2021-01-20T15:10:00Z,QQQ,311.917507268,80,Market,Filled,24953.40058144,"ORB Long qty=80" 
2021-01-20T20:50:00Z,QQQ,314.437426228,-80,Market,Filled,-25154.99409824,"ORB EOD Flatten" 
2021-01-21T15:15:00Z,QQQ,315.687693712,79,Market,Filled,24939.327803248,"ORB Long qty=79" 
2021-01-21T20:50:00Z,QQQ,316.83134924,-79,Market,Filled,-25029.67658996,"ORB EOD Flatten" 
2021-01-26T15:50:00Z,QQQ,319.215580256,79,Market,Filled,25218.030840224,"ORB Long qty=79" 
2021-01-26T20:50:00Z,QQQ,318.488680556,-79,Market,Filled,-25160.605763924,"ORB EOD Flatten" 
2021-02-02T15:20:00Z,QQQ,317.36440902,79,Market,Filled,25071.78831258,"ORB Long qty=79" 
2021-02-02T20:50:00Z,QQQ,318.3820686,-79,Market,Filled,-25152.1834194,"ORB EOD Flatten" 
2021-02-08T15:10:00Z,QQQ,323.354062548,78,Market,Filled,25221.616878744,"ORB Long qty=78" 
2021-02-08T16:35:00Z,QQQ,321.561043288,-78,Market,Filled,-25081.761376464,"ORB Long ORB Trail Stop" 
2021-02-09T15:00:00Z,QQQ,323.751434384,77,Market,Filled,24928.860447568,"ORB Long qty=77" 
2021-02-09T20:50:00Z,QQQ,323.61574644,-77,Market,Filled,-24918.41247588,"ORB EOD Flatten" 
2021-02-12T15:45:00Z,QQQ,324.071270252,77,Market,Filled,24953.487809404,"ORB Long qty=77" 
2021-02-12T20:50:00Z,QQQ,325.573529632,-77,Market,Filled,-25069.161781664,"ORB EOD Flatten" 
2021-03-12T14:55:00Z,QQQ,304.415902364,82,Market,Filled,24962.103993848,"ORB Long qty=82" 
2021-03-12T15:55:00Z,QQQ,302.254587256,-82,Market,Filled,-24784.876154992,"ORB Long ORB Trail Stop" 
2021-03-17T14:00:00Z,QQQ,308.35085274,81,Market,Filled,24976.41907194,"ORB Long qty=81" 
2021-03-17T19:50:00Z,QQQ,312.03381122,-81,Market,Filled,-25274.73870882,"ORB EOD Flatten" 
2021-04-01T14:10:00Z,QQQ,314.756602745,80,Market,Filled,25180.5282196,"ORB Long qty=80" 
2021-04-01T19:50:00Z,QQQ,314.70808161,-80,Market,Filled,-25176.6465288,"ORB EOD Flatten" 
2021-04-05T14:05:00Z,QQQ,318.948828809,79,Market,Filled,25196.957475911,"ORB Long qty=79" 
2021-04-05T19:50:00Z,QQQ,321.384589786,-79,Market,Filled,-25389.382593094,"ORB EOD Flatten" 
2021-04-09T14:00:00Z,QQQ,324.548167788,78,Market,Filled,25314.757087464,"ORB Long qty=78" 
2021-04-09T19:50:00Z,QQQ,326.74132309,-78,Market,Filled,-25485.82320102,"ORB EOD Flatten" 
2021-04-26T14:15:00Z,QQQ,330.166915221,76,Market,Filled,25092.685556796,"ORB Long qty=76" 
2021-04-26T19:50:00Z,QQQ,331.059704105,-76,Market,Filled,-25160.53751198,"ORB EOD Flatten" 
2021-05-26T16:00:00Z,QQQ,324.451125518,78,Market,Filled,25307.187790404,"ORB Long qty=78" 
2021-05-26T19:50:00Z,QQQ,323.936801487,-78,Market,Filled,-25267.070515986,"ORB EOD Flatten" 
2021-05-27T14:20:00Z,QQQ,324.140590254,78,Market,Filled,25282.966039812,"ORB Long qty=78" 
2021-05-27T19:50:00Z,QQQ,323.1507591,-78,Market,Filled,-25205.7592098,"ORB EOD Flatten" 
2021-06-10T13:55:00Z,QQQ,330.13780254,76,Market,Filled,25090.47299304,"ORB Long qty=76" 
2021-06-10T19:50:00Z,QQQ,329.759337687,-76,Market,Filled,-25061.709664212,"ORB EOD Flatten" 
2021-06-11T13:55:00Z,QQQ,330.894732246,76,Market,Filled,25147.999650696,"ORB Long qty=76" 
2021-06-11T15:05:00Z,QQQ,329.759337687,-76,Market,Filled,-25061.709664212,"ORB Long ORB Trail Stop" 
2021-06-14T16:05:00Z,QQQ,332.408591658,76,Market,Filled,25263.052966008,"ORB Long qty=76" 
2021-06-14T19:50:00Z,QQQ,333.379014358,-76,Market,Filled,-25336.805091208,"ORB EOD Flatten" 
2021-06-22T15:10:00Z,QQQ,335.970979299,75,Market,Filled,25197.823447425,"ORB Long qty=75" 
2021-06-22T19:50:00Z,QQQ,337.651757166,-75,Market,Filled,-25323.88178745,"ORB EOD Flatten" 
2021-06-23T14:00:00Z,QQQ,338.77875273,74,Market,Filled,25069.62770202,"ORB Long qty=74" 
2021-06-23T15:05:00Z,QQQ,337.506024981,-74,Market,Filled,-24975.445848594,"ORB Long ORB Trail Stop" 
2021-06-24T14:20:00Z,QQQ,340.789856883,74,Market,Filled,25218.449409342,"ORB Long qty=74" 
2021-06-24T17:45:00Z,QQQ,339.594852966,-74,Market,Filled,-25130.019119484,"ORB Long ORB Trail Stop" 
2021-06-29T16:25:00Z,QQQ,344.248567407,73,Market,Filled,25130.145420711,"ORB Long qty=73" 
2021-06-29T19:50:00Z,QQQ,344.646902046,-73,Market,Filled,-25159.223849358,"ORB EOD Flatten" 
2021-07-02T15:55:00Z,QQQ,347.367236166,72,Market,Filled,25010.441003952,"ORB Long qty=72" 
2021-07-02T19:50:00Z,QQQ,348.445654335,-72,Market,Filled,-25088.08711212,"ORB EOD Flatten" 
2021-07-06T14:10:00Z,QQQ,350.136147681,72,Market,Filled,25209.802633032,"ORB Long qty=72" 
2021-07-06T14:35:00Z,QQQ,348.737118705,-72,Market,Filled,-25109.07254676,"ORB Long ORB Trail Stop" 
2021-07-13T13:55:00Z,QQQ,352.992498507,71,Market,Filled,25062.467393997,"ORB Long qty=71" 
2021-07-13T18:05:00Z,QQQ,351.399159951,-71,Market,Filled,-24949.340356521,"ORB Long ORB Trail Stop" 
2021-07-22T14:30:00Z,QQQ,353.002213986,71,Market,Filled,25063.157193006,"ORB Long qty=71" 
2021-07-22T19:50:00Z,QQQ,353.225670003,-71,Market,Filled,-25079.022570213,"ORB EOD Flatten" 
2021-08-05T14:55:00Z,QQQ,358.802354949,70,Market,Filled,25116.16484643,"ORB Long qty=70" 
2021-08-05T19:50:00Z,QQQ,358.831501386,-70,Market,Filled,-25118.20509702,"ORB EOD Flatten" 
2021-08-23T14:00:00Z,QQQ,360.143091051,70,Market,Filled,25210.01637357,"ORB Long qty=70" 
2021-08-23T19:50:00Z,QQQ,362.892571608,-70,Market,Filled,-25402.48001256,"ORB EOD Flatten" 
2021-08-30T14:00:00Z,QQQ,367.857181377,68,Market,Filled,25014.288333636,"ORB Long qty=68" 
2021-08-30T19:50:00Z,QQQ,369.858570051,-68,Market,Filled,-25150.382763468,"ORB EOD Flatten" 
2021-09-07T14:55:00Z,QQQ,371.22845259,68,Market,Filled,25243.53477612,"ORB Long qty=68" 
2021-09-07T19:50:00Z,QQQ,371.247883548,-68,Market,Filled,-25244.856081264,"ORB EOD Flatten" 
2021-09-24T14:05:00Z,QQQ,361.71916312,70,Market,Filled,25320.3414184,"ORB Long qty=70" 
2021-09-24T19:50:00Z,QQQ,363.401804024,-70,Market,Filled,-25438.12628168,"ORB EOD Flatten" 
2021-10-15T15:00:00Z,QQQ,358.305250072,70,Market,Filled,25081.36750504,"ORB Long qty=70" 
2021-10-15T19:50:00Z,QQQ,358.207987592,-70,Market,Filled,-25074.55913144,"ORB EOD Flatten" 
2021-10-26T14:15:00Z,QQQ,371.63993608,68,Market,Filled,25271.51565344,"ORB Long qty=68" 
2021-10-26T16:05:00Z,QQQ,369.150016592,-68,Market,Filled,-25102.201128256,"ORB Long ORB Trail Stop" 
2021-10-27T15:15:00Z,QQQ,371.182802424,68,Market,Filled,25240.430564832,"ORB Long qty=68" 
2021-10-27T19:50:00Z,QQQ,370.190725128,-68,Market,Filled,-25172.969308704,"ORB EOD Flatten" 
2021-10-28T14:30:00Z,QQQ,372.242963456,68,Market,Filled,25312.521515008,"ORB Long qty=68" 
2021-10-28T19:50:00Z,QQQ,373.030789544,-68,Market,Filled,-25366.093688992,"ORB EOD Flatten" 
2021-10-29T14:10:00Z,QQQ,372.252689704,68,Market,Filled,25313.182899872,"ORB Long qty=68" 
2021-10-29T19:50:00Z,QQQ,374.625894216,-68,Market,Filled,-25474.560806688,"ORB EOD Flatten" 
2021-11-17T15:40:00Z,QQQ,387.561804056,65,Market,Filled,25191.51726364,"ORB Long qty=65" 
2021-11-17T17:20:00Z,QQQ,387.3478266,-65,Market,Filled,-25177.608729,"ORB Long Profit Lock Stop" 
2021-11-18T16:35:00Z,QQQ,389.575137392,65,Market,Filled,25322.38393048,"ORB Long qty=65" 
2021-11-18T20:50:00Z,QQQ,391.004895848,-65,Market,Filled,-25415.31823012,"ORB EOD Flatten" 
2021-11-19T15:00:00Z,QQQ,393.854686512,64,Market,Filled,25206.699936768,"ORB Long qty=64" 
2021-11-19T20:50:00Z,QQQ,392.882061712,-64,Market,Filled,-25144.451949568,"ORB EOD Flatten" 
2021-11-22T15:05:00Z,QQQ,396.986538368,64,Market,Filled,25407.138455552,"ORB Long qty=64" 
2021-11-22T16:25:00Z,QQQ,394.311820168,-64,Market,Filled,-25235.956490752,"ORB Long ORB Trail Stop" 
2021-11-30T14:55:00Z,QQQ,388.631691336,65,Market,Filled,25261.05993684,"ORB Long qty=65" 
2021-11-30T15:50:00Z,QQQ,385.74299568,-65,Market,Filled,-25073.2947192,"ORB Long ORB Trail Stop" 
2022-01-12T15:15:00Z,QQQ,379.837775043,66,Market,Filled,25069.293152838,"ORB Long qty=66" 
2022-01-12T15:50:00Z,QQQ,376.711658442,-66,Market,Filled,-24862.969457172,"ORB Long ORB Trail Stop" 
2022-01-31T14:55:00Z,QQQ,346.969726668,72,Market,Filled,24981.820320096,"ORB Long qty=72" 
2022-01-31T20:50:00Z,QQQ,352.900583397,-72,Market,Filled,-25408.842004584,"ORB EOD Flatten" 
2022-02-09T16:05:00Z,QQQ,355.315776285,71,Market,Filled,25227.420116235,"ORB Long qty=71" 
2022-02-09T20:50:00Z,QQQ,356.766839754,-71,Market,Filled,-25330.445622534,"ORB EOD Flatten" 
2022-02-10T14:55:00Z,QQQ,354.147134565,71,Market,Filled,25144.446554115,"ORB Long qty=71" 
2022-02-10T18:35:00Z,QQQ,350.456174466,-71,Market,Filled,-24882.388387086,"ORB Long ORB Trail Stop" 
2022-02-28T15:00:00Z,QQQ,335.955278457,75,Market,Filled,25196.645884275,"ORB Long qty=75" 
2022-02-28T17:25:00Z,QQQ,335.731288794,-75,Market,Filled,-25179.84665955,"ORB Long BE Stop" 
2022-03-17T14:00:00Z,QQQ,332.0890221,76,Market,Filled,25238.7656796,"ORB Long qty=76" 
2022-03-17T19:50:00Z,QQQ,334.91323959,-76,Market,Filled,-25453.40620884,"ORB EOD Flatten" 
2022-03-23T14:15:00Z,QQQ,345.945511048,73,Market,Filled,25254.022306504,"ORB Long qty=73" 
2022-03-23T18:10:00Z,QQQ,343.975867224,-73,Market,Filled,-25110.238307352,"ORB Long ORB Trail Stop" 
2022-03-25T14:45:00Z,QQQ,351.327904072,72,Market,Filled,25295.609093184,"ORB Long qty=72" 
2022-03-25T15:10:00Z,QQQ,348.129670536,-72,Market,Filled,-25065.336278592,"ORB Long ORB Trail Stop" 
2022-03-30T14:15:00Z,QQQ,361.41014028,69,Market,Filled,24937.29967932,"ORB Long qty=69" 
2022-03-30T15:10:00Z,QQQ,358.816450888,-69,Market,Filled,-24758.335111272,"ORB Long ORB Trail Stop" 
2022-05-03T14:00:00Z,QQQ,311.48649484,81,Market,Filled,25230.40608204,"ORB Long qty=81" 
2022-05-03T19:50:00Z,QQQ,309.741117392,-81,Market,Filled,-25089.030508752,"ORB EOD Flatten" 
2022-05-16T14:30:00Z,QQQ,293.905961104,85,Market,Filled,24982.00669384,"ORB Long qty=85" 
2022-05-16T15:00:00Z,QQQ,290.142186272,-85,Market,Filled,-24662.08583312,"ORB Long ORB Trail Stop" 
2022-05-26T13:55:00Z,QQQ,287.704508272,87,Market,Filled,25030.292219664,"ORB Long qty=87" 
2022-05-26T19:50:00Z,QQQ,292.940640616,-87,Market,Filled,-25485.835733592,"ORB EOD Flatten" 
2022-05-27T14:00:00Z,QQQ,297.669735936,84,Market,Filled,25004.257818624,"ORB Long qty=84" 
2022-05-27T19:50:00Z,QQQ,300.351181736,-84,Market,Filled,-25229.499265824,"ORB EOD Flatten" 
2022-06-07T15:05:00Z,QQQ,300.867969472,84,Market,Filled,25272.909435648,"ORB Long qty=84" 
2022-06-07T19:50:00Z,QQQ,302.457335528,-84,Market,Filled,-25406.416184352,"ORB EOD Flatten" 
2022-07-20T14:25:00Z,QQQ,293.465079291,86,Market,Filled,25237.996819026,"ORB Long qty=86" 
2022-07-20T17:15:00Z,QQQ,293.76793283,-86,Market,Filled,-25264.04222338,"ORB Long Profit Lock Stop" 
2022-07-21T15:35:00Z,QQQ,297.724567775,85,Market,Filled,25306.588260875,"ORB Long qty=85" 
2022-07-21T19:50:00Z,QQQ,299.522150071,-85,Market,Filled,-25459.382756035,"ORB EOD Flatten" 
2022-07-28T15:30:00Z,QQQ,300.928953607,84,Market,Filled,25278.032102988,"ORB Long qty=84" 
2022-07-28T19:50:00Z,QQQ,302.452990771,-84,Market,Filled,-25406.051224764,"ORB EOD Flatten" 
2022-07-29T14:05:00Z,QQQ,306.390086778,82,Market,Filled,25123.987115796,"ORB Long qty=82" 
2022-07-29T19:50:00Z,QQQ,308.832454028,-82,Market,Filled,-25324.261230296,"ORB EOD Flatten" 
2022-08-11T14:05:00Z,QQQ,321.61091948,79,Market,Filled,25407.26263892,"ORB Long qty=79" 
2022-08-11T15:10:00Z,QQQ,318.953623912,-79,Market,Filled,-25197.336289048,"ORB Long ORB Trail Stop" 
2022-08-15T13:55:00Z,QQQ,323.740663722,78,Market,Filled,25251.771770316,"ORB Long qty=78" 
2022-08-15T19:50:00Z,QQQ,325.655479646,-78,Market,Filled,-25401.127412388,"ORB EOD Flatten" 
2022-08-16T15:55:00Z,QQQ,325.108389382,78,Market,Filled,25358.454371796,"ORB Long qty=78" 
2022-08-16T18:50:00Z,QQQ,323.398732307,-78,Market,Filled,-25225.101119946,"ORB Long ORB Trail Stop" 
2022-09-09T14:00:00Z,QQQ,297.841801403,85,Market,Filled,25316.553119255,"ORB Long qty=85" 
2022-09-09T19:50:00Z,QQQ,300.225551839,-85,Market,Filled,-25519.171906315,"ORB EOD Flatten" 
2022-10-05T16:50:00Z,QQQ,274.212474198,92,Market,Filled,25227.547626216,"ORB Long qty=92" 
2022-10-05T19:50:00Z,QQQ,276.796245102,-92,Market,Filled,-25465.254549384,"ORB EOD Flatten" 
2022-10-19T14:20:00Z,QQQ,266.431800453,95,Market,Filled,25311.021043035,"ORB Long qty=95" 
2022-10-19T17:05:00Z,QQQ,262.68337524,-95,Market,Filled,-24954.9206478,"ORB Long ORB Trail Stop" 
2022-11-08T15:25:00Z,QQQ,263.789307483,96,Market,Filled,25323.773518368,"ORB Long qty=96" 
2022-11-08T18:30:00Z,QQQ,263.945899659,-96,Market,Filled,-25338.806367264,"ORB Long Profit Lock Stop" 
2022-11-11T15:15:00Z,QQQ,278.626416159,91,Market,Filled,25355.003870469,"ORB Long qty=91" 
2022-11-11T20:50:00Z,QQQ,282.110592075,-91,Market,Filled,-25672.063878825,"ORB EOD Flatten" 
2022-11-14T15:10:00Z,QQQ,280.466374227,90,Market,Filled,25241.97368043,"ORB Long qty=90" 
2022-11-14T20:50:00Z,QQQ,280.123828842,-90,Market,Filled,-25211.14459578,"ORB EOD Flatten" 
2022-11-23T14:55:00Z,QQQ,282.130166097,90,Market,Filled,25391.71494873,"ORB Long qty=90" 
2022-11-23T20:50:00Z,QQQ,282.139953108,-90,Market,Filled,-25392.59577972,"ORB EOD Flatten" 
2022-12-02T15:15:00Z,QQQ,284.723724012,89,Market,Filled,25340.411437068,"ORB Long qty=89" 
2022-12-02T20:50:00Z,QQQ,285.526258914,-89,Market,Filled,-25411.837043346,"ORB EOD Flatten" 
2022-12-14T15:00:00Z,QQQ,283.784170956,89,Market,Filled,25256.791215084,"ORB Long qty=89" 
2022-12-14T19:05:00Z,QQQ,281.259122118,-89,Market,Filled,-25032.061868502,"ORB Long ORB Trail Stop" 
2023-01-09T14:55:00Z,QQQ,268.011847464,94,Market,Filled,25193.113661616,"ORB Long qty=94" 
2023-01-09T20:15:00Z,QQQ,265.853547144,-94,Market,Filled,-24990.233431536,"ORB Long ORB Trail Stop" 
2023-01-10T15:15:00Z,QQQ,267.079854144,95,Market,Filled,25372.58614368,"ORB Long qty=95" 
2023-01-10T15:45:00Z,QQQ,264.09747552,-95,Market,Filled,-25089.2601744,"ORB Long ORB Trail Stop" 
2023-01-11T15:25:00Z,QQQ,269.856213192,93,Market,Filled,25096.627826856,"ORB Long qty=93" 
2023-01-11T20:50:00Z,QQQ,271.631905728,-93,Market,Filled,-25261.767232704,"ORB EOD Flatten" 
2023-01-23T14:55:00Z,QQQ,280.588852056,90,Market,Filled,25252.99668504,"ORB Long qty=90" 
2023-01-23T20:50:00Z,QQQ,283.139570616,-90,Market,Filled,-25482.56135544,"ORB EOD Flatten" 
2023-01-24T14:55:00Z,QQQ,283.973459376,89,Market,Filled,25273.637884464,"ORB Long qty=89" 
2023-01-24T20:50:00Z,QQQ,282.168335472,-89,Market,Filled,-25112.981857008,"ORB EOD Flatten" 
2023-02-02T15:35:00Z,QQQ,304.310534664,83,Market,Filled,25257.774377112,"ORB Long qty=83" 
2023-02-02T19:35:00Z,QQQ,303.996600072,-83,Market,Filled,-25231.717805976,"ORB Long Profit Lock Stop" 
2023-02-14T15:00:00Z,QQQ,299.836966728,84,Market,Filled,25186.305205152,"ORB Long qty=84" 
2023-02-14T20:50:00Z,QQQ,301.396829232,-84,Market,Filled,-25317.333655488,"ORB EOD Flatten" 
2023-03-06T15:15:00Z,QQQ,296.37387576,85,Market,Filled,25191.7794396,"ORB Long qty=85" 
2023-03-06T17:45:00Z,QQQ,296.540653512,-85,Market,Filled,-25205.95554852,"ORB Long Profit Lock Stop" 
2023-03-15T15:50:00Z,QQQ,291.115471344,87,Market,Filled,25327.046006928,"ORB Long qty=87" 
2023-03-15T19:50:00Z,QQQ,291.988601928,-87,Market,Filled,-25403.008367736,"ORB EOD Flatten" 
2023-03-22T14:25:00Z,QQQ,305.508966543,83,Market,Filled,25357.244223069,"ORB Long qty=83" 
2023-03-22T18:45:00Z,QQQ,308.269974474,-83,Market,Filled,-25586.407881342,"ORB Long TP" 
2023-03-30T14:30:00Z,QQQ,310.362838137,82,Market,Filled,25449.752727234,"ORB Long qty=82" 
2023-03-30T17:35:00Z,QQQ,309.046200903,-82,Market,Filled,-25341.788474046,"ORB Long ORB Trail Stop" 
2023-03-31T14:35:00Z,QQQ,312.16093227,81,Market,Filled,25285.03551387,"ORB Long qty=81" 
2023-03-31T19:50:00Z,QQQ,314.430657651,-81,Market,Filled,-25468.883269731,"ORB EOD Flatten" 
2023-04-14T13:55:00Z,QQQ,314.32257549,81,Market,Filled,25460.12861469,"ORB Long qty=81" 
2023-04-14T14:55:00Z,QQQ,311.66964972,-81,Market,Filled,-25245.24162732,"ORB Long ORB Trail Stop" 
2023-04-28T14:15:00Z,QQQ,315.629387073,80,Market,Filled,25250.35096584,"ORB Long qty=80" 
2023-04-28T19:50:00Z,QQQ,316.199274831,-80,Market,Filled,-25295.94198648,"ORB EOD Flatten" 
2023-05-01T15:00:00Z,QQQ,317.034455166,80,Market,Filled,25362.75641328,"ORB Long qty=80" 
2023-05-01T15:20:00Z,QQQ,315.963459207,-80,Market,Filled,-25277.07673656,"ORB Long ORB Trail Stop" 
2023-05-08T15:55:00Z,QQQ,317.299747743,80,Market,Filled,25383.97981944,"ORB Long qty=80" 
2023-05-08T19:50:00Z,QQQ,318.164405031,-80,Market,Filled,-25453.15240248,"ORB EOD Flatten" 
2023-05-09T14:00:00Z,QQQ,317.07375777,80,Market,Filled,25365.9006216,"ORB Long qty=80" 
2023-05-09T15:55:00Z,QQQ,316.179623529,-80,Market,Filled,-25294.36988232,"ORB Long ORB Trail Stop" 
2023-05-11T15:35:00Z,QQQ,320.355525204,79,Market,Filled,25308.086491116,"ORB Long qty=79" 
2023-05-11T19:50:00Z,QQQ,320.434130412,-79,Market,Filled,-25314.296302548,"ORB EOD Flatten" 
2023-05-16T15:05:00Z,QQQ,322.369783659,78,Market,Filled,25144.843125402,"ORB Long qty=78" 
2023-05-16T19:50:00Z,QQQ,322.133968035,-78,Market,Filled,-25126.44950673,"ORB EOD Flatten" 
2023-05-17T15:45:00Z,QQQ,323.126358786,78,Market,Filled,25203.855985308,"ORB Long qty=78" 
2023-05-17T17:50:00Z,QQQ,325.769458905,-78,Market,Filled,-25410.01779459,"ORB Long TP" 
2023-05-26T13:55:00Z,QQQ,337.265470575,75,Market,Filled,25294.910293125,"ORB Long qty=75" 
2023-05-26T19:50:00Z,QQQ,342.590973417,-75,Market,Filled,-25694.323006275,"ORB EOD Flatten" 
2023-06-05T14:55:00Z,QQQ,350.363063358,73,Market,Filled,25576.503625134,"ORB Long qty=73" 
2023-06-05T18:35:00Z,QQQ,347.877173655,-73,Market,Filled,-25395.033676815,"ORB Long ORB Trail Stop" 
2023-06-14T14:05:00Z,QQQ,357.712650306,71,Market,Filled,25397.598171726,"ORB Long qty=71" 
2023-06-14T18:05:00Z,QQQ,356.002987032,-71,Market,Filled,-25276.212079272,"ORB Long ORB Trail Stop" 
2023-06-15T13:55:00Z,QQQ,359.992201338,70,Market,Filled,25199.45409366,"ORB Long qty=70" 
2023-06-15T19:50:00Z,QQQ,364.570954704,-70,Market,Filled,-25519.96682928,"ORB EOD Flatten" 
2023-07-05T14:20:00Z,QQQ,365.454731304,70,Market,Filled,25581.83119128,"ORB Long qty=70" 
2023-07-05T19:50:00Z,QQQ,364.962774904,-70,Market,Filled,-25547.39424328,"ORB EOD Flatten" 
2023-07-12T14:05:00Z,QQQ,367.215935216,69,Market,Filled,25337.899529904,"ORB Long qty=69" 
2023-07-12T15:45:00Z,QQQ,365.110361824,-69,Market,Filled,-25192.614965856,"ORB Long ORB Trail Stop" 
2023-07-18T15:45:00Z,QQQ,376.19905908,67,Market,Filled,25205.33695836,"ORB Long qty=67" 
2023-07-18T19:50:00Z,QQQ,380.341331968,-67,Market,Filled,-25482.869241856,"ORB EOD Flatten" 
2023-07-19T15:35:00Z,QQQ,381.41379692,67,Market,Filled,25554.72439364,"ORB Long qty=67" 
2023-07-19T16:30:00Z,QQQ,379.721466904,-67,Market,Filled,-25441.338282568,"ORB Long ORB Trail Stop" 
2023-08-01T15:10:00Z,QQQ,376.572945944,67,Market,Filled,25230.387378248,"ORB Long qty=67" 
2023-08-01T19:50:00Z,QQQ,376.93699368,-67,Market,Filled,-25254.77857656,"ORB EOD Flatten" 
2023-08-30T13:55:00Z,QQQ,369.961051928,69,Market,Filled,25527.312583032,"ORB Long qty=69" 
2023-08-30T19:50:00Z,QQQ,370.659630016,-69,Market,Filled,-25575.514471104,"ORB EOD Flatten" 
2023-08-31T14:15:00Z,QQQ,373.030859864,68,Market,Filled,25366.098470752,"ORB Long qty=68" 
2023-08-31T19:50:00Z,QQQ,372.912790328,-68,Market,Filled,-25358.069742304,"ORB EOD Flatten" 
2023-09-14T14:45:00Z,QQQ,370.561238736,69,Market,Filled,25568.725472784,"ORB Long qty=69" 
2023-09-14T19:50:00Z,QQQ,371.407403744,-69,Market,Filled,-25627.110858336,"ORB EOD Flatten" 
2023-10-02T14:05:00Z,QQQ,355.886762628,71,Market,Filled,25267.960146588,"ORB Long qty=71" 
2023-10-02T19:50:00Z,QQQ,354.793030122,-71,Market,Filled,-25190.305138662,"ORB EOD Flatten" 
2023-10-03T13:55:00Z,QQQ,355.51233168,72,Market,Filled,25596.88788096,"ORB Long qty=72" 
2023-10-03T14:05:00Z,QQQ,352.891315044,-72,Market,Filled,-25408.174683168,"ORB Long ORB Trail Stop" 
2023-10-09T16:20:00Z,QQQ,358.46836548,71,Market,Filled,25451.25394908,"ORB Long qty=71" 
2023-10-09T19:50:00Z,QQQ,361.010554548,-71,Market,Filled,-25631.749372908,"ORB EOD Flatten" 
2023-10-10T14:00:00Z,QQQ,362.478718002,70,Market,Filled,25373.51026014,"ORB Long qty=70" 
2023-10-10T17:15:00Z,QQQ,363.0994851,-70,Market,Filled,-25416.963957,"ORB Long ORB Trail Stop" 
2023-11-01T14:25:00Z,QQQ,349.196272794,73,Market,Filled,25491.327913962,"ORB Long qty=73" 
2023-11-01T19:50:00Z,QQQ,352.083332472,-73,Market,Filled,-25702.083270456,"ORB EOD Flatten" 
2023-11-09T16:50:00Z,QQQ,368.755363104,69,Market,Filled,25444.120054176,"ORB Long qty=69" 
2023-11-09T18:05:00Z,QQQ,366.755113566,-69,Market,Filled,-25306.102836054,"ORB Long ORB Trail Stop" 
2023-11-13T15:55:00Z,QQQ,371.62271589,68,Market,Filled,25270.34468052,"ORB Long qty=68" 
2023-11-13T20:50:00Z,QQQ,372.135095082,-68,Market,Filled,-25305.186465576,"ORB EOD Flatten" 
2023-11-16T14:55:00Z,QQQ,380.007998436,67,Market,Filled,25460.535895212,"ORB Long qty=67" 
2023-11-16T16:25:00Z,QQQ,378.392033292,-67,Market,Filled,-25352.266230564,"ORB Long ORB Trail Stop" 
2023-11-20T15:00:00Z,QQQ,382.8063771,66,Market,Filled,25265.2208886,"ORB Long qty=66" 
2023-11-20T20:50:00Z,QQQ,385.190911032,-66,Market,Filled,-25422.600128112,"ORB EOD Flatten" 
2023-12-08T15:05:00Z,QQQ,385.12193691,66,Market,Filled,25418.04783606,"ORB Long qty=66" 
2023-12-08T20:50:00Z,QQQ,386.50141935,-66,Market,Filled,-25509.0936771,"ORB EOD Flatten" 
2023-12-11T15:10:00Z,QQQ,388.156798278,66,Market,Filled,25618.348686348,"ORB Long qty=66" 
2023-12-11T20:50:00Z,QQQ,389.585547948,-66,Market,Filled,-25712.646164568,"ORB EOD Flatten" 
2023-12-18T15:05:00Z,QQQ,400.977591142,64,Market,Filled,25662.565833088,"ORB Long qty=64" 
2023-12-18T20:50:00Z,QQQ,402.47830751,-64,Market,Filled,-25758.61168064,"ORB EOD Flatten" 
2023-12-19T16:00:00Z,QQQ,403.475494044,63,Market,Filled,25418.956124772,"ORB Long qty=63" 
2023-12-19T20:50:00Z,QQQ,403.248411962,-63,Market,Filled,-25404.649953606,"ORB EOD Flatten" 
2024-01-09T15:10:00Z,QQQ,398.234713422,64,Market,Filled,25487.021659008,"ORB Long qty=64" 
2024-01-09T20:50:00Z,QQQ,399.963419947,-64,Market,Filled,-25597.658876608,"ORB EOD Flatten" 
2024-01-16T15:20:00Z,QQQ,404.467935235,63,Market,Filled,25481.479919805,"ORB Long qty=63" 
2024-01-16T20:50:00Z,QQQ,403.776452625,-63,Market,Filled,-25437.916515375,"ORB EOD Flatten" 
2024-01-24T15:20:00Z,QQQ,422.535388002,60,Market,Filled,25352.12328012,"ORB Long qty=60" 
2024-01-24T19:25:00Z,QQQ,421.063517875,-60,Market,Filled,-25263.8110725,"ORB Long ORB Trail Stop" 
2024-01-25T16:50:00Z,QQQ,423.434315395,60,Market,Filled,25406.0589237,"ORB Long qty=60" 
2024-01-25T17:35:00Z,QQQ,421.40925918,-60,Market,Filled,-25284.5555508,"ORB Long ORB Trail Stop" 
2024-01-26T16:05:00Z,QQQ,420.460940172,61,Market,Filled,25648.117350492,"ORB Long qty=61" 
2024-01-26T17:50:00Z,QQQ,418.435883957,-61,Market,Filled,-25524.588921377,"ORB Long ORB Trail Stop" 
2024-02-08T15:50:00Z,QQQ,427.849925776,59,Market,Filled,25243.145620784,"ORB Long qty=59" 
2024-02-08T20:50:00Z,QQQ,427.267104719,-59,Market,Filled,-25208.759178421,"ORB EOD Flatten" 
2024-02-09T15:00:00Z,QQQ,429.430457456,59,Market,Filled,25336.396989904,"ORB Long qty=59" 
2024-02-09T18:35:00Z,QQQ,431.850646591,-59,Market,Filled,-25479.188148869,"ORB Long TP" 
2024-03-01T15:10:00Z,QQQ,436.374918525,58,Market,Filled,25309.74527445,"ORB Long qty=58" 
2024-03-01T18:40:00Z,QQQ,440.089167973,-58,Market,Filled,-25525.171742434,"ORB Long TP" 
2024-03-08T14:55:00Z,QQQ,441.620308038,58,Market,Filled,25613.977866204,"ORB Long qty=58" 
2024-03-08T16:10:00Z,QQQ,439.111213996,-58,Market,Filled,-25468.450411768,"ORB Long ORB Trail Stop" 
2024-03-22T14:05:00Z,QQQ,441.027628865,58,Market,Filled,25579.60247417,"ORB Long qty=58" 
2024-03-22T19:50:00Z,QQQ,441.67056954,-58,Market,Filled,-25616.89303332,"ORB EOD Flatten" 
2024-03-25T15:05:00Z,QQQ,440.44403656,58,Market,Filled,25545.75412048,"ORB Long qty=58" 
2024-03-25T19:50:00Z,QQQ,440.730887015,-58,Market,Filled,-25562.39144687,"ORB EOD Flatten" 
2024-04-12T14:00:00Z,QQQ,437.35792132,58,Market,Filled,25366.75943656,"ORB Long qty=58" 
2024-04-12T14:10:00Z,QQQ,435.85442928,-58,Market,Filled,-25279.55689824,"ORB Long ORB Trail Stop" 
2024-05-06T14:00:00Z,QQQ,433.40136332,59,Market,Filled,25570.68043588,"ORB Long qty=59" 
2024-05-06T19:50:00Z,QQQ,434.66746188,-59,Market,Filled,-25645.38025092,"ORB EOD Flatten" 
2024-05-08T14:00:00Z,QQQ,434.914746755,59,Market,Filled,25659.970058545,"ORB Long qty=59" 
2024-05-08T19:50:00Z,QQQ,435.429099295,-59,Market,Filled,-25690.316858405,"ORB EOD Flatten" 
2024-05-14T14:25:00Z,QQQ,439.524136825,58,Market,Filled,25492.39993585,"ORB Long qty=58" 
2024-05-14T19:50:00Z,QQQ,441.126542815,-58,Market,Filled,-25585.33948327,"ORB EOD Flatten" 
2024-05-15T14:35:00Z,QQQ,444.430268745,57,Market,Filled,25332.525318465,"ORB Long qty=57" 
2024-05-15T19:50:00Z,QQQ,447.753777465,-57,Market,Filled,-25521.965315505,"ORB EOD Flatten" 
2024-05-16T14:25:00Z,QQQ,448.742916965,57,Market,Filled,25578.346267005,"ORB Long qty=57" 
2024-05-16T17:25:00Z,QQQ,447.86258281,-57,Market,Filled,-25528.16722017,"ORB Long ORB Trail Stop" 
2024-05-21T14:05:00Z,QQQ,449.02976742,57,Market,Filled,25594.69674294,"ORB Long qty=57" 
2024-05-21T19:50:00Z,QQQ,450.39477993,-57,Market,Filled,-25672.50245601,"ORB EOD Flatten" 
2024-05-22T15:15:00Z,QQQ,451.75979244,57,Market,Filled,25750.30816908,"ORB Long qty=57" 
2024-05-22T17:40:00Z,QQQ,450.424454115,-57,Market,Filled,-25674.193884555,"ORB Long ORB Trail Stop" 
2024-05-29T13:55:00Z,QQQ,452.39284172,56,Market,Filled,25333.99913632,"ORB Long qty=56" 
2024-05-29T19:50:00Z,QQQ,451.947728945,-56,Market,Filled,-25309.07282092,"ORB EOD Flatten" 
2024-06-05T14:25:00Z,QQQ,453.668831675,56,Market,Filled,25405.4545738,"ORB Long qty=56" 
2024-06-05T16:50:00Z,QQQ,456.3889653,-56,Market,Filled,-25557.7820568,"ORB Long TP" 
2024-06-11T15:05:00Z,QQQ,459.93008471,56,Market,Filled,25756.08474376,"ORB Long qty=56" 
2024-06-11T19:50:00Z,QQQ,461.78966697,-56,Market,Filled,-25860.22135032,"ORB EOD Flatten" 
2024-06-12T14:15:00Z,QQQ,469.40604112,54,Market,Filled,25347.92622048,"ORB Long qty=54" 
2024-06-12T19:50:00Z,QQQ,468.980711135,-54,Market,Filled,-25324.95840129,"ORB EOD Flatten" 
2024-06-14T14:00:00Z,QQQ,472.84824658,54,Market,Filled,25533.80531532,"ORB Long qty=54" 
2024-06-14T19:50:00Z,QQQ,473.214228195,-54,Market,Filled,-25553.56832253,"ORB EOD Flatten" 
2024-06-17T15:05:00Z,QQQ,475.10348464,54,Market,Filled,25655.58817056,"ORB Long qty=54" 
2024-06-17T17:55:00Z,QQQ,480.70201421,-54,Market,Filled,-25957.90876734,"ORB Long TP" 
2024-06-27T14:15:00Z,QQQ,478.483498482,54,Market,Filled,25838.108918028,"ORB Long qty=54" 
2024-06-27T15:35:00Z,QQQ,475.115082442,-54,Market,Filled,-25656.214451868,"ORB Long ORB Trail Stop" 
2024-07-02T14:55:00Z,QQQ,479.028389312,53,Market,Filled,25388.504633536,"ORB Long qty=53" 
2024-07-02T19:50:00Z,QQQ,481.465537388,-53,Market,Filled,-25517.673481564,"ORB EOD Flatten" 
2024-07-03T14:00:00Z,QQQ,483.159652514,53,Market,Filled,25607.461583242,"ORB Long qty=53" 
2024-07-03T16:50:00Z,QQQ,485.557172166,-53,Market,Filled,-25734.530124798,"ORB EOD Flatten" 
2024-07-10T14:10:00Z,QQQ,495.741677134,52,Market,Filled,25778.567210968,"ORB Long qty=52" 
2024-07-10T19:50:00Z,QQQ,498.485945496,-52,Market,Filled,-25921.269165792,"ORB EOD Flatten" 
2024-07-23T15:15:00Z,QQQ,479.196810114,54,Market,Filled,25876.627746156,"ORB Long qty=54" 
2024-07-23T19:50:00Z,QQQ,477.017246794,-54,Market,Filled,-25758.931326876,"ORB EOD Flatten" 
2024-08-09T14:15:00Z,QQQ,444.898409142,58,Market,Filled,25804.107730236,"ORB Long qty=58" 
2024-08-09T19:50:00Z,QQQ,446.572710056,-58,Market,Filled,-25901.217183248,"ORB EOD Flatten" 
2024-08-12T14:25:00Z,QQQ,448.653202316,57,Market,Filled,25573.232532012,"ORB Long qty=57" 
2024-08-12T19:50:00Z,QQQ,446.285403982,-57,Market,Filled,-25438.268026974,"ORB EOD Flatten" 
2024-08-13T14:05:00Z,QQQ,453.755361906,57,Market,Filled,25864.055628642,"ORB Long qty=57" 
2024-08-13T19:50:00Z,QQQ,458.322537772,-57,Market,Filled,-26124.384653004,"ORB EOD Flatten" 
2024-08-14T16:00:00Z,QQQ,460.650707682,56,Market,Filled,25796.439630192,"ORB Long qty=56" 
2024-08-14T16:45:00Z,QQQ,456.56898001,-56,Market,Filled,-25567.86288056,"ORB Long ORB Trail Stop" 
2024-08-15T13:55:00Z,QQQ,466.168965724,55,Market,Filled,25639.29311482,"ORB Long qty=55" 
2024-08-15T19:50:00Z,QQQ,469.74543099,-55,Market,Filled,-25835.99870445,"ORB EOD Flatten" 
2024-08-16T14:10:00Z,QQQ,469.339239644,55,Market,Filled,25813.65818042,"ORB Long qty=55" 
2024-08-16T19:50:00Z,QQQ,470.072365488,-55,Market,Filled,-25853.98010184,"ORB EOD Flatten" 
2024-08-19T14:55:00Z,QQQ,471.934901416,55,Market,Filled,25956.41957788,"ORB Long qty=55" 
2024-08-19T19:50:00Z,QQQ,474.659355566,-55,Market,Filled,-26106.26455613,"ORB EOD Flatten" 
2024-09-24T15:50:00Z,QQQ,481.30860685,54,Market,Filled,25990.6647699,"ORB Long qty=54" 
2024-09-24T19:50:00Z,QQQ,481.397896075,-54,Market,Filled,-25995.48638805,"ORB EOD Flatten" 
2024-09-25T14:00:00Z,QQQ,483.044786225,53,Market,Filled,25601.373669925,"ORB Long qty=53" 
2024-09-25T19:50:00Z,QQQ,481.933631425,-53,Market,Filled,-25542.482465525,"ORB EOD Flatten" 
2024-10-07T14:30:00Z,QQQ,482.548734975,53,Market,Filled,25575.082953675,"ORB Long qty=53" 
2024-10-07T18:35:00Z,QQQ,479.889900275,-53,Market,Filled,-25434.164714575,"ORB Long ORB Trail Stop" 
2024-10-09T14:20:00Z,QQQ,486.03101475,53,Market,Filled,25759.64378175,"ORB Long qty=53" 
2024-10-09T19:50:00Z,QQQ,489.08669045,-53,Market,Filled,-25921.59459385,"ORB EOD Flatten" 
2024-10-10T14:15:00Z,QQQ,488.09458795,53,Market,Filled,25869.01316135,"ORB Long qty=53" 
2024-10-10T19:50:00Z,QQQ,488.53111305,-53,Market,Filled,-25892.14899165,"ORB EOD Flatten" 
2024-10-21T14:05:00Z,QQQ,491.03121135,52,Market,Filled,25533.6229902,"ORB Long qty=52" 
2024-10-21T15:05:00Z,QQQ,488.7096915,-52,Market,Filled,-25412.903958,"ORB Long ORB Trail Stop" 
2024-10-22T14:10:00Z,QQQ,490.941922125,52,Market,Filled,25528.9799505,"ORB Long qty=52" 
2024-10-22T19:50:00Z,QQQ,492.479681,-52,Market,Filled,-25608.943412,"ORB EOD Flatten" 
2024-10-29T14:05:00Z,QQQ,492.330865625,52,Market,Filled,25601.2050125,"ORB Long qty=52" 
2024-10-29T19:50:00Z,QQQ,497.212009925,-52,Market,Filled,-25855.0245161,"ORB EOD Flatten" 
2024-10-30T14:20:00Z,QQQ,495.91235565,52,Market,Filled,25787.4424938,"ORB Long qty=52" 
2024-10-30T19:50:00Z,QQQ,493.203915825,-52,Market,Filled,-25646.6036229,"ORB EOD Flatten" 
2024-11-07T15:00:00Z,QQQ,506.855246225,51,Market,Filled,25849.617557475,"ORB Long qty=51" 
2024-11-07T20:50:00Z,QQQ,509.871237825,-51,Market,Filled,-26003.433129075,"ORB EOD Flatten" 
2024-12-02T14:55:00Z,QQQ,509.950606025,51,Market,Filled,26007.480907275,"ORB Long qty=51" 
2024-12-02T20:50:00Z,QQQ,511.42883875,-51,Market,Filled,-26082.87077625,"ORB EOD Flatten" 
2024-12-03T15:15:00Z,QQQ,511.2502603,50,Market,Filled,25562.513015,"ORB Long qty=50" 
2024-12-03T20:50:00Z,QQQ,512.232441775,-50,Market,Filled,-25611.62208875,"ORB EOD Flatten" 
2024-12-12T15:30:00Z,QQQ,523.879725125,49,Market,Filled,25670.106531125,"ORB Long qty=49" 
2024-12-12T20:15:00Z,QQQ,522.728886225,-49,Market,Filled,-25613.715425025,"ORB Long ORB Trail Stop" 
2024-12-16T14:55:00Z,QQQ,530.546653925,49,Market,Filled,25996.786042325,"ORB Long qty=49" 
2024-12-16T20:50:00Z,QQQ,533.939644475,-49,Market,Filled,-26163.042579275,"ORB EOD Flatten" 
2024-12-17T16:40:00Z,QQQ,533.09635735,48,Market,Filled,25588.6251528,"ORB Long qty=48" 
2024-12-17T19:35:00Z,QQQ,530.7748375,-48,Market,Filled,-25477.1922,"ORB Long ORB Trail Stop" 
2024-12-24T15:00:00Z,QQQ,523.352874339,49,Market,Filled,25644.290842611,"ORB Long qty=49" 
2024-12-24T17:50:00Z,QQQ,525.260781603,-49,Market,Filled,-25737.778298547,"ORB EOD Flatten" 
2025-01-06T15:15:00Z,QQQ,523.531740645,49,Market,Filled,25653.055291605,"ORB Long qty=49" 
2025-01-06T18:50:00Z,QQQ,520.371769239,-49,Market,Filled,-25498.216692711,"ORB Long ORB Trail Stop" 
2025-01-22T14:55:00Z,QQQ,528.361130907,49,Market,Filled,25889.695414443,"ORB Long qty=49" 
2025-01-22T20:50:00Z,QQQ,528.490312128,-49,Market,Filled,-25896.025294272,"ORB EOD Flatten" 
2025-01-23T15:40:00Z,QQQ,526.642026966,49,Market,Filled,25805.459321334,"ORB Long qty=49" 
2025-01-23T20:50:00Z,QQQ,527.705287785,-49,Market,Filled,-25857.559101465,"ORB EOD Flatten" 
2025-01-31T14:55:00Z,QQQ,525.588703164,49,Market,Filled,25753.846455036,"ORB Long qty=49" 
2025-01-31T18:35:00Z,QQQ,522.935519625,-49,Market,Filled,-25623.840461625,"ORB Long ORB Trail Stop" 
2025-02-05T16:10:00Z,QQQ,520.282336086,50,Market,Filled,26014.1168043,"ORB Long qty=50" 
2025-02-05T20:50:00Z,QQQ,522.070999146,-50,Market,Filled,-26103.5499573,"ORB EOD Flatten" 
2025-02-11T15:25:00Z,QQQ,525.111726348,49,Market,Filled,25730.474591052,"ORB Long qty=49" 
2025-02-11T20:50:00Z,QQQ,524.356513056,-49,Market,Filled,-25693.469139744,"ORB EOD Flatten" 
2025-02-19T16:45:00Z,QQQ,535.933137861,48,Market,Filled,25724.790617328,"ORB Long qty=48" 
2025-02-19T20:50:00Z,QQQ,535.545594198,-48,Market,Filled,-25706.188521504,"ORB EOD Flatten" 
2025-03-20T14:00:00Z,QQQ,477.443855799,54,Market,Filled,25781.968213146,"ORB Long qty=54" 
2025-03-20T19:50:00Z,QQQ,477.036438102,-54,Market,Filled,-25759.967657508,"ORB EOD Flatten" 
2025-04-23T14:35:00Z,QQQ,460.43136678,56,Market,Filled,25784.15653968,"ORB Long qty=56" 
2025-04-23T15:30:00Z,QQQ,455.11708956,-56,Market,Filled,-25486.55701536,"ORB Long ORB Trail Stop" 
2025-04-24T13:55:00Z,QQQ,457.50552876,56,Market,Filled,25620.30961056,"ORB Long qty=56" 
2025-04-24T19:50:00Z,QQQ,464.92959394,-56,Market,Filled,-26036.05726064,"ORB EOD Flatten" 
2025-04-25T14:10:00Z,QQQ,466.55174223,55,Market,Filled,25660.34582265,"ORB Long qty=55" 
2025-04-25T17:55:00Z,QQQ,467.11899654,-55,Market,Filled,-25691.5448097,"ORB Long Profit Lock Stop" 
2025-05-02T14:15:00Z,QQQ,485.61944851,53,Market,Filled,25737.83077103,"ORB Long qty=53" 
2025-05-02T19:50:00Z,QQQ,485.76872596,-53,Market,Filled,-25745.74247588,"ORB EOD Flatten" 
2025-05-05T14:10:00Z,QQQ,483.71864898,53,Market,Filled,25637.08839594,"ORB Long qty=53" 
2025-05-05T19:50:00Z,QQQ,484.37546976,-53,Market,Filled,-25671.89989728,"ORB EOD Flatten" 
2025-05-13T13:55:00Z,QQQ,509.30480391,51,Market,Filled,25974.54499941,"ORB Long qty=51" 
2025-05-13T19:50:00Z,QQQ,513.93240486,-51,Market,Filled,-26210.55264786,"ORB EOD Flatten" 
2025-06-03T14:05:00Z,QQQ,522.75967807,50,Market,Filled,26137.9839035,"ORB Long qty=50" 
2025-06-03T19:50:00Z,QQQ,524.17283793,-50,Market,Filled,-26208.6418965,"ORB EOD Flatten" 
2025-06-09T14:10:00Z,QQQ,528.18342542,49,Market,Filled,25880.98784558,"ORB Long qty=49" 
2025-06-09T19:50:00Z,QQQ,528.46207666,-49,Market,Filled,-25894.64175634,"ORB EOD Flatten" 
2025-06-10T16:05:00Z,QQQ,529.99465848,49,Market,Filled,25969.73826552,"ORB Long qty=49" 
2025-06-10T19:50:00Z,QQQ,530.9301305,-49,Market,Filled,-26015.5763945,"ORB EOD Flatten" 
2025-06-24T15:05:00Z,QQQ,536.278831616,48,Market,Filled,25741.383917568,"ORB Long qty=48" 
2025-06-24T19:50:00Z,QQQ,538.221618176,-48,Market,Filled,-25834.637672448,"ORB EOD Flatten" 
2025-06-26T14:35:00Z,QQQ,541.997598208,48,Market,Filled,26015.884713984,"ORB Long qty=48" 
2025-06-26T19:50:00Z,QQQ,544.169533952,-48,Market,Filled,-26120.137629696,"ORB EOD Flatten" 
2025-06-27T14:00:00Z,QQQ,546.57061888,47,Market,Filled,25688.81908736,"ORB Long qty=47" 
2025-06-27T18:20:00Z,QQQ,544.77727744,-47,Market,Filled,-25604.53203968,"ORB Long ORB Trail Stop" 
2025-07-03T14:00:00Z,QQQ,552.717794816,47,Market,Filled,25977.736356352,"ORB Long qty=47" 
2025-07-03T16:50:00Z,QQQ,554.09268992,-47,Market,Filled,-26042.35642624,"ORB EOD Flatten" 
2025-07-17T13:55:00Z,QQQ,557.23103744,47,Market,Filled,26189.85875968,"ORB Long qty=47" 
2025-07-17T19:50:00Z,QQQ,559.901123584,-47,Market,Filled,-26315.352808448,"ORB EOD Flatten" 
2025-07-25T13:55:00Z,QQQ,563.677103616,46,Market,Filled,25929.146766336,"ORB Long qty=46" 
2025-07-25T19:50:00Z,QQQ,564.673404416,-46,Market,Filled,-25974.976603136,"ORB EOD Flatten" 
2025-08-08T14:10:00Z,QQQ,571.288841728,45,Market,Filled,25707.99787776,"ORB Long qty=45" 
2025-08-08T19:50:00Z,QQQ,571.647510016,-45,Market,Filled,-25724.13795072,"ORB EOD Flatten" 
2025-08-11T14:20:00Z,QQQ,573.789556736,45,Market,Filled,25820.53005312,"ORB Long qty=45" 
2025-08-11T18:25:00Z,QQQ,571.627584,-45,Market,Filled,-25723.24128,"ORB Long ORB Trail Stop" 
2025-08-14T14:20:00Z,QQQ,578.322725376,45,Market,Filled,26024.52264192,"ORB Long qty=45" 
2025-08-14T19:50:00Z,QQQ,578.213132288,-45,Market,Filled,-26019.59095296,"ORB EOD Flatten" 
2025-08-25T14:05:00Z,QQQ,569.395870208,46,Market,Filled,26192.210029568,"ORB Long qty=46" 
2025-08-25T19:50:00Z,QQQ,569.48553728,-46,Market,Filled,-26196.33471488,"ORB EOD Flatten" 
2025-09-08T13:55:00Z,QQQ,578.15335424,45,Market,Filled,26016.9009408,"ORB Long qty=45" 
2025-09-08T19:15:00Z,QQQ,575.871825408,-45,Market,Filled,-25914.23214336,"ORB Long ORB Trail Stop" 
2025-09-11T14:40:00Z,QQQ,581.919371264,45,Market,Filled,26186.37170688,"ORB Long qty=45" 
2025-09-11T19:50:00Z,QQQ,582.527114752,-45,Market,Filled,-26213.72016384,"ORB EOD Flatten" 
2025-09-12T14:25:00Z,QQQ,583.603119616,44,Market,Filled,25678.537263104,"ORB Long qty=44" 
2025-09-12T19:50:00Z,QQQ,584.699050496,-44,Market,Filled,-25726.758221824,"ORB EOD Flatten" 
2025-09-15T13:55:00Z,QQQ,587.927065088,44,Market,Filled,25868.790863872,"ORB Long qty=44" 
2025-09-15T19:50:00Z,QQQ,588.96321792,-44,Market,Filled,-25914.38158848,"ORB EOD Flatten" 
2025-09-19T16:25:00Z,QQQ,596.076805632,44,Market,Filled,26227.379447808,"ORB Long qty=44" 
2025-09-19T19:50:00Z,QQQ,596.73436416,-44,Market,Filled,-26256.31202304,"ORB EOD Flatten" 
2025-09-22T13:55:00Z,QQQ,597.77520101,43,Market,Filled,25704.33364343,"ORB Long qty=43" 
2025-09-22T19:50:00Z,QQQ,600.807466338,-43,Market,Filled,-25834.721052534,"ORB EOD Flatten" 
2025-09-30T15:00:00Z,QQQ,597.426091515,43,Market,Filled,25689.321935145,"ORB Long qty=43" 
2025-09-30T17:25:00Z,QQQ,594.98232505,-43,Market,Filled,-25584.23997715,"ORB Long ORB Trail Stop" 
2025-10-01T15:05:00Z,QQQ,599.111791648,43,Market,Filled,25761.807040864,"ORB Long qty=43" 
2025-10-01T19:50:00Z,QQQ,601.984464064,-43,Market,Filled,-25885.331954752,"ORB EOD Flatten" 
2025-10-16T14:45:00Z,QQQ,606.55281117,43,Market,Filled,26081.77088031,"ORB Long qty=43" 
2025-10-16T15:30:00Z,QQQ,603.390876601,-43,Market,Filled,-25945.807693843,"ORB Long ORB Trail Stop" 
2025-10-20T14:05:00Z,QQQ,608.527773456,43,Market,Filled,26166.694258608,"ORB Long qty=43" 
2025-10-20T19:50:00Z,QQQ,610.572557641,-43,Market,Filled,-26254.619978563,"ORB EOD Flatten" 
2025-10-21T15:55:00Z,QQQ,610.552608527,43,Market,Filled,26253.762166661,"ORB Long qty=43" 
2025-10-21T19:50:00Z,QQQ,610.422939286,-43,Market,Filled,-26248.186389298,"ORB EOD Flatten" 
2025-10-27T14:10:00Z,QQQ,624.137955161,42,Market,Filled,26213.794116762,"ORB Long qty=42" 
2025-10-27T19:50:00Z,QQQ,626.20268846,-42,Market,Filled,-26300.51291532,"ORB EOD Flatten" 
2025-11-25T16:55:00Z,QQQ,602.942021536,43,Market,Filled,25926.506926048,"ORB Long qty=43" 
2025-11-25T20:50:00Z,QQQ,607.699885225,-43,Market,Filled,-26131.095064675,"ORB EOD Flatten" 
2025-12-23T16:55:00Z,QQQ,620.4179092,42,Market,Filled,26057.5521864,"ORB Long qty=42" 
2025-12-23T20:50:00Z,QQQ,621.26683905,-42,Market,Filled,-26093.2072401,"ORB EOD Flatten" 
2025-12-24T16:10:00Z,QQQ,622.24560523,42,Market,Filled,26134.31541966,"ORB Long qty=42" 
2025-12-24T17:50:00Z,QQQ,623.08454767,-42,Market,Filled,-26169.55100214,"ORB EOD Flatten" 
2026-01-07T15:35:00Z,QQQ,624.43284802,42,Market,Filled,26226.17961684,"ORB Long qty=42" 
2026-01-07T20:50:00Z,QQQ,623.32424551,-42,Market,Filled,-26179.61831142,"ORB EOD Flatten" 
